Instance,Costs,Demand,Supply,optimal
1,"{'S1': {'D1': 5, 'D2': 3, 'D3': 7, 'D4': 3, 'D5': 8, 'D6': 5}, 'S2': {'D1': 5, 'D2': 6, 'D3': 12, 'D4': 5, 'D5': 7, 'D6': 11}, 'S3': {'D1': 2, 'D2': 8, 'D3': 3, 'D4': 4, 'D5': 8, 'D6': 2}, 'S4': {'D1': 9, 'D2': 6, 'D3': 10, 'D4': 5, 'D5': 10, 'D6': 9}, 'S5': {'D1': 5, 'D2': 3, 'D3': 7, 'D4': 3, 'D5': 8, 'D6': 5}}","{'D1': 3, 'D2': 4, 'D3': 6, 'D4': 2, 'D5': 1, 'D6': 4}","{'S1': 3, 'S2': 4, 'S3': 2, 'S4': 8, 'S5': 3}",112.0
2,"{'S1': {'D1': 73, 'D2': 40, 'D3': 9, 'D4': 79, 'D5': 20}, 'S2': {'D1': 62, 'D2': 93, 'D3': 96, 'D4': 8, 'D5': 13}, 'S3': {'D1': 96, 'D2': 65, 'D3': 80, 'D4': 50, 'D5': 65}, 'S4': {'D1': 57, 'D2': 58, 'D3': 29, 'D4': 12, 'D5': 87}, 'S5': {'D1': 56, 'D2': 23, 'D3': 87, 'D4': 18, 'D5': 12}}","{'D1': 6, 'D2': 8, 'D3': 10, 'D4': 4, 'D5': 4}","{'S1': 8, 'S2': 7, 'S3': 9, 'S4': 3, 'S5': 5}", 
3,"{'S1': {'D1': 3, 'D2': 6, 'D3': 3, 'D4': 4}, 'S2': {'D1': 6, 'D2': 5, 'D3': 11, 'D4': 15}, 'S3': {'D1': 1, 'D2': 3, 'D3': 10, 'D4': 5}}","{'D1': 70, 'D2': 60, 'D3': 35, 'D4': 60}","{'S1': 80, 'S2': 90, 'S3': 55}",880.0
4,"{'S1': {'D1': 6, 'D2': 18, 'D3': 20, 'D4': 0}, 'S2': {'D1': 12, 'D2': 30, 'D3': 35, 'D4': 0}, 'S3': {'D1': 15, 'D2': 19, 'D3': 25, 'D4': 0}}","{'D1': 20, 'D2': 40, 'D3': 30, 'D4': 10}","{'S1': 28, 'S2': 41, 'S3': 31}",
5,"{'S1': {'D1': 6, 'D2': 10, 'D3': 14, 'D4': 0}, 'S2': {'D1': 12, 'D2': 19, 'D3': 21, 'D4': 0}, 'S3': {'D1': 15, 'D2': 14, 'D3': 17, 'D4': 0}}","{'D1': 30, 'D2': 40, 'D3': 55, 'D4': 25}","{'S1': 50, 'S2': 50, 'S3': 50}",1650.0
6,"{'S1': {'D1': 9, 'D2': 12, 'D3': 9, 'D4': 6, 'D5': 9, 'D6': 10}, 'S2': {'D1': 7, 'D2': 3, 'D3': 7, 'D4': 7, 'D5': 5, 'D6': 5}, 'S3': {'D1': 6, 'D2': 4, 'D3': 9, 'D4': 11, 'D5': 3, 'D6': 11}, 'S4': {'D1': 6, 'D2': 8, 'D3': 11, 'D4': 2, 'D5': 2, 'D6': 10}}","{'D1': 4, 'D2': 4, 'D3': 6, 'D4': 2, 'D5': 4, 'D6': 2}","{'S1': 5, 'S2': 6, 'S3': 2, 'S4': 9}",111.0
7,"{'S1': {'D1': 15, 'D2': 27, 'D3': 13, 'D4': 19}, 'S2': {'D1': 18, 'D2': 21, 'D3': 24, 'D4': 14}, 'S3': {'D1': 21, 'D2': 15, 'D3': 16, 'D4': 17}}","{'D1': 30, 'D2': 20, 'D3': 30, 'D4': 20}","{'S1': 40, 'S2': 40, 'S3': 20}",
8,"{'S1': {'D1': 18, 'D2': 27, 'D3': 13, 'D4': 19, 'D5': 0}, 'S2': {'D1': 25, 'D2': 21, 'D3': 24, 'D4': 14, 'D5': 0}, 'S3': {'D1': 23, 'D2': 15, 'D3': 21, 'D4': 17, 'D5': 0}}","{'D1': 30, 'D2': 15, 'D3': 30, 'D4': 20, 'D5': 5}","{'S1': 40, 'S2': 40, 'S3': 20}",
9,"{'S1': {'D1': 4, 'D2': 3, 'D3': 4}, 'S2': {'D1': 10, 'D2': 7, 'D3': 5}, 'S3': {'D1': 8, 'D2': 8, 'D3': 3}, 'S4': {'D1': 5, 'D2': 6, 'D3': 6}}","{'D1': 16, 'D2': 10, 'D3': 14}","{'S1': 11, 'S2': 12, 'S3': 10, 'S4': 7}",183.0
10,"{'S1': {'D1': 2, 'D2': 1, 'D3': 3, 'D4': 2, 'D5': 2}, 'S2': {'D1': 3, 'D2': 2, 'D3': 1, 'D4': 1, 'D5': 1}, 'S3': {'D1': 5, 'D2': 4, 'D3': 2, 'D4': 1, 'D5': 3}, 'S4': {'D1': 7, 'D2': 5, 'D3': 5, 'D4': 3, 'D5': 1}}","{'D1': 50, 'D2': 30, 'D3': 30, 'D4': 50, 'D5': 20}","{'S1': 20, 'S2': 70, 'S3': 30, 'S4': 60}",390.0
11,"{'S1': {'D1': 10, 'D2': 2, 'D3': 20, 'D4': 11}, 'S2': {'D1': 12, 'D2': 7, 'D3': 9, 'D4': 20}, 'S3': {'D1': 4, 'D2': 14, 'D3': 16, 'D4': 18}}","{'D1': 5, 'D2': 15, 'D3': 15, 'D4': 15}","{'S1': 15, 'S2': 25, 'S3': 10}",435.0
12,"{'S1': {'D1': 3, 'D2': 4, 'D3': 6, 'D4': 0}, 'S2': {'D1': 7, 'D2': 3, 'D3': 8, 'D4': 0}, 'S3': {'D1': 6, 'D2': 4, 'D3': 5, 'D4': 0}, 'S4': {'D1': 7, 'D2': 5, 'D3': 2, 'D4': 0}}","{'D1': 110, 'D2': 110, 'D3': 60, 'D4': 110}","{'S1': 100, 'S2': 80, 'S3': 90, 'S4': 120}",840.0
13,"{'S1': {'D1': 60, 'D2': 120, 'D3': 75, 'D4': 180, 'D5': 0}, 'S2': {'D1': 58, 'D2': 100, 'D3': 60, 'D4': 165, 'D5': 0}, 'S3': {'D1': 62, 'D2': 110, 'D3': 65, 'D4': 170, 'D5': 0}, 'S4': {'D1': 65, 'D2': 115, 'D3': 80, 'D4': 175, 'D5': 0}, 'S5': {'D1': 70, 'D2': 135, 'D3': 85, 'D4': 195, 'D5': 0}}","{'D1': 5000, 'D2': 2000, 'D3': 10000, 'D4': 6000, 'D5': 11450}","{'S1': 8000, 'S2': 9200, 'S3': 6250, 'S4': 4900, 'S5': 6100}",1246000.0
14,"{'S1': {'D1': 3, 'D2': 6, 'D3': 1, 'D4': 5}, 'S2': {'D1': 7, 'D2': 9, 'D3': 2, 'D4': 7}, 'S3': {'D1': 2, 'D2': 4, 'D3': 2, 'D4': 1}}","{'D1': 4, 'D2': 5, 'D3': 4, 'D4': 5}","{'S1': 6, 'S2': 6, 'S3': 6}",59.0
15,"{'S1': {'D1': 46, 'D2': 74, 'D3': 9, 'D4': 28, 'D5': 99}, 'S2': {'D1': 12, 'D2': 75, 'D3': 6, 'D4': 36, 'D5': 48}, 'S3': {'D1': 35, 'D2': 199, 'D3': 4, 'D4': 5, 'D5': 71}, 'S4': {'D1': 61, 'D2': 81, 'D3': 44, 'D4': 88, 'D5': 9}, 'S5': {'D1': 85, 'D2': 60, 'D3': 14, 'D4': 25, 'D5': 79}}","{'D1': 278, 'D2': 60, 'D3': 461, 'D4': 116, 'D5': 1060}","{'S1': 461, 'S2': 277, 'S3': 356, 'S4': 488, 'S5': 393}",59356.0
16,"{'S1': {'D1': 19, 'D2': 30, 'D3': 50, 'D4': 10}, 'S2': {'D1': 70, 'D2': 30, 'D3': 40, 'D4': 60}, 'S3': {'D1': 40, 'D2': 8, 'D3': 70, 'D4': 20}}","{'D1': 5, 'D2': 8, 'D3': 7, 'D4': 14}","{'S1': 7, 'S2': 9, 'S3': 18}",743.0
17,"{'S1': {'D1': 19, 'D2': 30, 'D3': 50, 'D4': 10}, 'S2': {'D1': 70, 'D2': 30, 'D3': 40, 'D4': 60}, 'S3': {'D1': 40, 'D2': 8, 'D3': 70, 'D4': 20}, 'S4': {'D1': 0, 'D2': 0, 'D3': 0, 'D4': 0}}","{'D1': 40, 'D2': 8, 'D3': 7, 'D4': 14}","{'S1': 7, 'S2': 9, 'S3': 18, 'S4': 35}",743.0
18,"{'S1': {'D1': 4, 'D2': 1, 'D3': 2, 'D4': 4, 'D5': 4}, 'S2': {'D1': 2, 'D2': 3, 'D3': 2, 'D4': 2, 'D5': 2}, 'S3': {'D1': 3, 'D2': 5, 'D3': 2, 'D4': 4, 'D5': 4}}","{'D1': 22, 'D2': 45, 'D3': 20, 'D4': 18, 'D5': 30}","{'S1': 60, 'S2': 35, 'S3': 40}",290.0
19,"{'S1': {'D1': 6, 'D2': 4, 'D3': 1}, 'S2': {'D1': 3, 'D2': 8, 'D3': 7}, 'S3': {'D1': 4, 'D2': 4, 'D3': 2}}","{'D1': 20, 'D2': 95, 'D3': 35}","{'S1': 50, 'S2': 40, 'S3': 60}",555.0
20,"{'S1': {'D1': 9, 'D2': 12, 'D3': 9, 'D4': 6, 'D5': 9, 'D6': 10}, 'S2': {'D1': 7, 'D2': 3, 'D3': 7, 'D4': 7, 'D5': 5, 'D6': 5}, 'S3': {'D1': 6, 'D2': 5, 'D3': 9, 'D4': 11, 'D5': 3, 'D6': 11}, 'S4': {'D1': 6, 'D2': 8, 'D3': 11, 'D4': 2, 'D5': 2, 'D6': 10}}","{'D1': 4, 'D2': 4, 'D3': 6, 'D4': 2, 'D5': 4, 'D6': 2}","{'S1': 5, 'S2': 6, 'S3': 2, 'S4': 9}",112.0
21,"{'S1': {'D1': 32, 'D2': 40, 'D3': 120}, 'S2': {'D1': 60, 'D2': 68, 'D3': 104}, 'S3': {'D1': 200, 'D2': 80, 'D3': 60}}","{'D1': 30, 'D2': 35, 'D3': 30}","{'S1': 20, 'S2': 30, 'S3': 45}",5600.0
22,"{'S1': {'D1': 1, 'D2': 2, 'D3': 3, 'D4': 4}, 'S2': {'D1': 4, 'D2': 3, 'D3': 2, 'D4': 0}, 'S3': {'D1': 0, 'D2': 2, 'D3': 2, 'D4': 1}}","{'D1': 4, 'D2': 6, 'D3': 8, 'D4': 6}","{'S1': 6, 'S2': 8, 'S3': 10}",28.0
23,"{'S1': {'D1': 1, 'D2': 2, 'D3': 1, 'D4': 4, 'D5': 5, 'D6': 2}, 'S2': {'D1': 3, 'D2': 3, 'D3': 2, 'D4': 1, 'D5': 4, 'D6': 3}, 'S3': {'D1': 4, 'D2': 2, 'D3': 5, 'D4': 9, 'D5': 6, 'D6': 2}, 'S4': {'D1': 3, 'D2': 1, 'D3': 7, 'D4': 3, 'D5': 4, 'D6': 6}, 'S5': {'D1': 0, 'D2': 0, 'D3': 0, 'D4': 0, 'D5': 0, 'D6': 0}}","{'D1': 20, 'D2': 40, 'D3': 30, 'D4': 10, 'D5': 50, 'D6': 25}","{'S1': 30, 'S2': 50, 'S3': 20, 'S4': 20, 'S5': 55}",
24,"{'S1': {'D1': 68, 'D2': 35, 'D3': 4, 'D4': 74, 'D5': 15}, 'S2': {'D1': 57, 'D2': 88, 'D3': 91, 'D4': 3, 'D5': 8}, 'S3': {'D1': 91, 'D2': 60, 'D3': 75, 'D4': 45, 'D5': 60}, 'S4': {'D1': 52, 'D2': 53, 'D3': 24, 'D4': 7, 'D5': 82}, 'S5': {'D1': 51, 'D2': 18, 'D3': 82, 'D4': 13, 'D5': 7}}","{'D1': 16, 'D2': 18, 'D3': 20, 'D4': 14, 'D5': 14}","{'S1': 18, 'S2': 17, 'S3': 19, 'S4': 13, 'S5': 15}",2202.0
25,"{'S1': {'D1': 4, 'D2': 8, 'D3': 11}, 'S2': {'D1': 6, 'D2': 3, 'D3': 8}, 'S3': {'D1': 7, 'D2': 6, 'D3': 5}}","{'D1': 13, 'D2': 8, 'D3': 10}","{'S1': 12, 'S2': 10, 'S3': 9}",
26,"{'S1': {'D1': 4, 'D2': 3, 'D3': 1, 'D4': 2, 'D5': 6}, 'S2': {'D1': 5, 'D2': 2, 'D3': 3, 'D4': 4, 'D5': 5}, 'S3': {'D1': 3, 'D2': 5, 'D3': 6, 'D4': 3, 'D5': 2}, 'S4': {'D1': 2, 'D2': 4, 'D3': 4, 'D4': 5, 'D5': 3}}","{'D1': 60, 'D2': 60, 'D3': 30, 'D4': 40, 'D5': 10}","{'S1': 80, 'S2': 60, 'S3': 40, 'S4': 20}",420.0
27,"{'S1': {'D1': 4, 'D2': 8, 'D3': 8, 'D4': 0}, 'S2': {'D1': 16, 'D2': 24, 'D3': 16, 'D4': 0}, 'S3': {'D1': 8, 'D2': 16, 'D3': 21, 'D4': 0}}","{'D1': 72, 'D2': 102, 'D3': 41, 'D4': 20}","{'S1': 76, 'S2': 82, 'S3': 77}",2424.0
28,"{'S1': {'D1': 5, 'D2': 8, 'D3': 6, 'D4': 6, 'D5': 3}, 'S2': {'D1': 4, 'D2': 7, 'D3': 7, 'D4': 6, 'D5': 5}, 'S3': {'D1': 8, 'D2': 4, 'D3': 6, 'D4': 6, 'D5': 4}, 'S4': {'D1': 0, 'D2': 0, 'D3': 0, 'D4': 0, 'D5': 0}}","{'D1': 400, 'D2': 400, 'D3': 500, 'D4': 400, 'D5': 800}","{'S1': 800, 'S2': 500, 'S3': 900, 'S4': 300}",2424.0
29,"{'S1': {'D1': 4, 'D2': 6, 'D3': 7, 'D4': 5}, 'S2': {'D1': 8, 'D2': 6, 'D3': 3, 'D4': 9}, 'S3': {'D1': 6, 'D2': 4, 'D3': 5, 'D4': 3}}","{'D1': 9, 'D2': 14, 'D3': 7, 'D4': 10}","{'S1': 10, 'S2': 12, 'S3': 18}",259.0
30,"{'S1': {'D1': 6, 'D2': 4, 'D3': 1, 'D4': 5}, 'S2': {'D1': 8, 'D2': 9, 'D3': 2, 'D4': 7}, 'S3': {'D1': 4, 'D2': 3, 'D3': 6, 'D4': 2}}","{'D1': 6, 'D2': 10, 'D3': 15, 'D4': 8}","{'S1': 14, 'S2': 18, 'S3': 7}",234.0
31,"{'S1': {'D1': 19, 'D2': 30, 'D3': 50, 'D4': 12}, 'S2': {'D1': 70, 'D2': 30, 'D3': 40, 'D4': 60}, 'S3': {'D1': 40, 'D2': 10, 'D3': 60, 'D4': 20}}","{'D1': 5, 'D2': 8, 'D3': 7, 'D4': 15}","{'S1': 7, 'S2': 10, 'S3': 18}",799.0
32,"{'S1': {'D1': 7, 'D2': 5, 'D3': 9, 'D4': 11}, 'S2': {'D1': 4, 'D2': 3, 'D3': 8, 'D4': 6}, 'S3': {'D1': 3, 'D2': 8, 'D3': 10, 'D4': 5}, 'S4': {'D1': 2, 'D2': 6, 'D3': 7, 'D4': 3}}","{'D1': 30, 'D2': 30, 'D3': 20, 'D4': 10}","{'S1': 30, 'S2': 25, 'S3': 20, 'S4': 15}",410.0
33,"{'S1': {'D1': 450, 'D2': 800, 'D3': 1400, 'D4': 1400}, 'S2': {'D1': 300, 'D2': 650, 'D3': 1200, 'D4': 1200}, 'S3': {'D1': 300, 'D2': 650, 'D3': 1200, 'D4': 1200}, 'S4': {'D1': 300, 'D2': 650, 'D3': 1200, 'D4': 1200}}","{'D1': 822, 'D2': 174, 'D3': 438, 'D4': 36}","{'S1': 972, 'S2': 204, 'S3': 236, 'S4': 58}",98000.0
34,"{'S1': {'D1': 7, 'D2': 5, 'D3': 9, 'D4': 11}, 'S2': {'D1': 4, 'D2': 3, 'D3': 8, 'D4': 6}, 'S3': {'D1': 3, 'D2': 8, 'D3': 10, 'D4': 5}, 'S4': {'D1': 2, 'D2': 6, 'D3': 7, 'D4': 3}}","{'D1': 30, 'D2': 30, 'D3': 20, 'D4': 10}","{'S1': 30, 'S2': 25, 'S3': 20, 'S4': 15}",410.0
35,"{'S1': {'D1': 5, 'D2': 3, 'D3': 6, 'D4': 10}, 'S2': {'D1': 6, 'D2': 8, 'D3': 10, 'D4': 7}, 'S3': {'D1': 3, 'D2': 1, 'D3': 6, 'D4': 7}, 'S4': {'D1': 8, 'D2': 2, 'D3': 10, 'D4': 12}}","{'D1': 20, 'D2': 25, 'D3': 15, 'D4': 10}","{'S1': 30, 'S2': 10, 'S3': 20, 'S4': 10}",285.0
36,"{'S1': {'D1': 7, 'D2': 6, 'D3': 4, 'D4': 5, 'D5': 9}, 'S2': {'D1': 8, 'D2': 5, 'D3': 6, 'D4': 7, 'D5': 8}, 'S3': {'D1': 6, 'D2': 8, 'D3': 9, 'D4': 6, 'D5': 5}, 'S4': {'D1': 5, 'D2': 7, 'D3': 7, 'D4': 8, 'D5': 6}}","{'D1': 30, 'D2': 30, 'D3': 15, 'D4': 20, 'D5': 5}","{'S1': 40, 'S2': 30, 'S3': 20, 'S4': 10}",510.0
37,"{'S1': {'D1': 6, 'D2': 1, 'D3': 9, 'D4': 3}, 'S2': {'D1': 11, 'D2': 5, 'D3': 2, 'D4': 8}, 'S3': {'D1': 10, 'D2': 12, 'D3': 4, 'D4': 7}}","{'D1': 85, 'D2': 35, 'D3': 50, 'D4': 45}","{'S1': 70, 'S2': 55, 'S3': 90}",
38,"{'S1': {'D1': 10, 'D2': 8, 'D3': 9, 'D4': 5, 'D5': 13}, 'S2': {'D1': 7, 'D2': 9, 'D3': 8, 'D4': 10, 'D5': 4}, 'S3': {'D1': 9, 'D2': 3, 'D3': 7, 'D4': 10, 'D5': 6}, 'S4': {'D1': 11, 'D2': 4, 'D3': 8, 'D4': 3, 'D5': 9}}","{'D1': 60, 'D2': 40, 'D3': 100, 'D4': 50, 'D5': 90}","{'S1': 100, 'S2': 80, 'S3': 70, 'S4': 90}",2070.0
39,"{'S1': {'D1': 7, 'D2': 5, 'D3': 9, 'D4': 11}, 'S2': {'D1': 4, 'D2': 3, 'D3': 8, 'D4': 6}, 'S3': {'D1': 3, 'D2': 8, 'D3': 10, 'D4': 5}, 'S4': {'D1': 2, 'D2': 6, 'D3': 7, 'D4': 3}}","{'D1': 30, 'D2': 30, 'D3': 20, 'D4': 10}","{'S1': 30, 'S2': 25, 'S3': 20, 'S4': 15}",410.0
40,"{'S1': {'D1': 12, 'D2': 4, 'D3': 13, 'D4': 18, 'D5': 9, 'D6': 2}, 'S2': {'D1': 9, 'D2': 16, 'D3': 10, 'D4': 7, 'D5': 15, 'D6': 11}, 'S3': {'D1': 4, 'D2': 9, 'D3': 10, 'D4': 8, 'D5': 9, 'D6': 7}, 'S4': {'D1': 9, 'D2': 3, 'D3': 12, 'D4': 6, 'D5': 4, 'D6': 5}, 'S5': {'D1': 7, 'D2': 11, 'D3': 5, 'D4': 18, 'D5': 2, 'D6': 7}, 'S6': {'D1': 16, 'D2': 8, 'D3': 4, 'D4': 5, 'D5': 1, 'D6': 10}}","{'D1': 75, 'D2': 85, 'D3': 140, 'D4': 40, 'D5': 95, 'D6': 65}","{'S1': 120, 'S2': 80, 'S3': 50, 'S4': 90, 'S5': 100, 'S6': 60}",2170.0
41,"{'S1': {'D1': 12, 'D2': 7, 'D3': 3, 'D4': 8, 'D5': 10, 'D6': 6, 'D7': 6}, 'S2': {'D1': 6, 'D2': 9, 'D3': 7, 'D4': 12, 'D5': 8, 'D6': 12, 'D7': 4}, 'S3': {'D1': 10, 'D2': 12, 'D3': 8, 'D4': 4, 'D5': 9, 'D6': 9, 'D7': 3}, 'S4': {'D1': 8, 'D2': 5, 'D3': 11, 'D4': 6, 'D5': 7, 'D6': 9, 'D7': 3}, 'S5': {'D1': 7, 'D2': 6, 'D3': 8, 'D4': 11, 'D5': 9, 'D6': 5, 'D7': 6}}","{'D1': 20, 'D2': 30, 'D3': 40, 'D4': 70, 'D5': 60, 'D6': 80, 'D7': 100}","{'S1': 60, 'S2': 80, 'S3': 70, 'S4': 100, 'S5': 90}",1900.0
42,"{'S1': {'D1': 6, 'D2': 8, 'D3': 10, 'D4': 9}, 'S2': {'D1': 5, 'D2': 8, 'D3': 11, 'D4': 5}, 'S3': {'D1': 6, 'D2': 9, 'D3': 12, 'D4': 5}}","{'D1': 20, 'D2': 20, 'D3': 50, 'D4': 60}","{'S1': 50, 'S2': 75, 'S3': 25}",1060.0
43,"{'S1': {'D1': 4, 'D2': 4, 'D3': 9, 'D4': 8, 'D5': 13}, 'S2': {'D1': 7, 'D2': 9, 'D3': 8, 'D4': 10, 'D5': 4}, 'S3': {'D1': 9, 'D2': 3, 'D3': 7, 'D4': 10, 'D5': 6}, 'S4': {'D1': 11, 'D2': 4, 'D3': 8, 'D4': 3, 'D5': 9}}","{'D1': 60, 'D2': 40, 'D3': 100, 'D4': 50, 'D5': 90}","{'S1': 100, 'S2': 80, 'S3': 70, 'S4': 90}",1475.0
44,"{'S1': {'D1': 8, 'D2': 8, 'D3': 2, 'D4': 10, 'D5': 2}, 'S2': {'D1': 11, 'D2': 4, 'D3': 10, 'D4': 9, 'D5': 4}, 'S3': {'D1': 5, 'D2': 2, 'D3': 2, 'D4': 11, 'D5': 10}, 'S4': {'D1': 10, 'D2': 6, 'D3': 6, 'D4': 5, 'D5': 2}, 'S5': {'D1': 8, 'D2': 11, 'D3': 8, 'D4': 6, 'D5': 4}}","{'D1': 80, 'D2': 55, 'D3': 60, 'D4': 80, 'D5': 45}","{'S1': 40, 'S2': 70, 'S3': 35, 'S4': 90, 'S5': 85}",1505.0
45,"{'S1': {'D1': 2, 'D2': 7, 'D3': 4}, 'S2': {'D1': 3, 'D2': 3, 'D3': 1}, 'S3': {'D1': 5, 'D2': 4, 'D3': 7}, 'S4': {'D1': 1, 'D2': 6, 'D3': 2}}","{'D1': 7, 'D2': 9, 'D3': 18}","{'S1': 5, 'S2': 8, 'S3': 7, 'S4': 14}",76.0
46,"{'S1': {'D1': 10, 'D2': 2, 'D3': 16, 'D4': 14, 'D5': 10, 'D6': 0}, 'S2': {'D1': 6, 'D2': 18, 'D3': 12, 'D4': 13, 'D5': 16, 'D6': 0}, 'S3': {'D1': 8, 'D2': 4, 'D3': 14, 'D4': 12, 'D5': 10, 'D6': 0}, 'S4': {'D1': 14, 'D2': 22, 'D3': 20, 'D4': 8, 'D5': 18, 'D6': 0}}","{'D1': 350, 'D2': 400, 'D3': 250, 'D4': 150, 'D5': 400, 'D6': 450}","{'S1': 300, 'S2': 500, 'S3': 825, 'S4': 375}",11500.0
47,"{'S1': {'D1': 1, 'D2': 2, 'D3': 1, 'D4': 4, 'D5': 5, 'D6': 2}, 'S2': {'D1': 3, 'D2': 3, 'D3': 2, 'D4': 1, 'D5': 4, 'D6': 3}, 'S3': {'D1': 4, 'D2': 2, 'D3': 5, 'D4': 9, 'D5': 6, 'D6': 2}, 'S4': {'D1': 3, 'D2': 1, 'D3': 7, 'D4': 3, 'D5': 4, 'D6': 6}}","{'D1': 20, 'D2': 40, 'D3': 30, 'D4': 10, 'D5': 50, 'D6': 25}","{'S1': 30, 'S2': 50, 'S3': 75, 'S4': 20}",430.0
48,"{'S1': {'D1': 20, 'D2': 22, 'D3': 17, 'D4': 4}, 'S2': {'D1': 24, 'D2': 37, 'D3': 9, 'D4': 7}, 'S3': {'D1': 32, 'D2': 37, 'D3': 20, 'D4': 15}}","{'D1': 60, 'D2': 40, 'D3': 30, 'D4': 110}","{'S1': 120, 'S2': 70, 'S3': 50}",3460.0
49,"{'S1': {'D1': 4, 'D2': 9, 'D3': 8, 'D4': 10, 'D5': 12}, 'S2': {'D1': 6, 'D2': 10, 'D3': 3, 'D4': 2, 'D5': 3}, 'S3': {'D1': 3, 'D2': 2, 'D3': 7, 'D4': 10, 'D5': 3}, 'S4': {'D1': 3, 'D2': 5, 'D3': 5, 'D4': 4, 'D5': 8}}","{'D1': 10, 'D2': 20, 'D3': 10, 'D4': 18, 'D5': 20}","{'S1': 24, 'S2': 18, 'S3': 20, 'S4': 16}",316.0
50,"{'S1': {'D1': 6, 'D2': 8, 'D3': 10}, 'S2': {'D1': 7, 'D2': 11, 'D3': 11}, 'S3': {'D1': 4, 'D2': 5, 'D3': 12}}","{'D1': 200, 'D2': 100, 'D3': 300}","{'S1': 150, 'S2': 175, 'S3': 275}",4525.0
51,"{'S1': {'D1': 20, 'D2': 22, 'D3': 17, 'D4': 4}, 'S2': {'D1': 24, 'D2': 37, 'D3': 9, 'D4': 7}, 'S3': {'D1': 32, 'D2': 37, 'D3': 20, 'D4': 15}}","{'D1': 60, 'D2': 40, 'D3': 30, 'D4': 110}","{'S1': 120, 'S2': 70, 'S3': 50}",3460.0
52,"{'S1': {'D1': 4, 'D2': 6, 'D3': 8, 'D4': 8}, 'S2': {'D1': 6, 'D2': 8, 'D3': 6, 'D4': 7}, 'S3': {'D1': 5, 'D2': 7, 'D3': 6, 'D4': 8}}","{'D1': 20, 'D2': 30, 'D3': 50, 'D4': 50}","{'S1': 40, 'S2': 60, 'S3': 50}",920.0
53,"{'S1': {'D1': 19, 'D2': 30, 'D3': 50, 'D4': 12}, 'S2': {'D1': 70, 'D2': 30, 'D3': 40, 'D4': 60}, 'S3': {'D1': 40, 'D2': 10, 'D3': 60, 'D4': 20}}","{'D1': 5, 'D2': 7, 'D3': 8, 'D4': 15}","{'S1': 7, 'S2': 10, 'S3': 18}",799.0
54,"{'S1': {'D1': 13, 'D2': 18, 'D3': 30, 'D4': 8}, 'S2': {'D1': 55, 'D2': 20, 'D3': 25, 'D4': 40}, 'S3': {'D1': 30, 'D2': 6, 'D3': 50, 'D4': 10}}","{'D1': 4, 'D2': 6, 'D3': 7, 'D4': 12}","{'S1': 8, 'S2': 10, 'S3': 11}",412.0
55,"{'S1': {'D1': 25, 'D2': 14, 'D3': 34, 'D4': 46, 'D5': 45}, 'S2': {'D1': 10, 'D2': 47, 'D3': 14, 'D4': 20, 'D5': 41}, 'S3': {'D1': 22, 'D2': 42, 'D3': 38, 'D4': 21, 'D5': 46}, 'S4': {'D1': 36, 'D2': 20, 'D3': 41, 'D4': 38, 'D5': 44}}","{'D1': 22, 'D2': 27, 'D3': 28, 'D4': 33, 'D5': 34}","{'S1': 27, 'S2': 35, 'S3': 37, 'S4': 45}",3487.0
56,"{'S1': {'D1': 9, 'D2': 12, 'D3': 9, 'D4': 6, 'D5': 9, 'D6': 10}, 'S2': {'D1': 7, 'D2': 3, 'D3': 7, 'D4': 7, 'D5': 5, 'D6': 5}, 'S3': {'D1': 6, 'D2': 5, 'D3': 9, 'D4': 11, 'D5': 3, 'D6': 11}, 'S4': {'D1': 6, 'D2': 8, 'D3': 11, 'D4': 2, 'D5': 2, 'D6': 10}}","{'D1': 2, 'D2': 2, 'D3': 4, 'D4': 4, 'D5': 4, 'D6': 6}","{'S1': 2, 'S2': 5, 'S3': 6, 'S4': 9}",112.0
57,"{'S1': {'D1': 6, 'D2': 1, 'D3': 9, 'D4': 3, 'D5': 0}, 'S2': {'D1': 11, 'D2': 5, 'D3': 2, 'D4': 8, 'D5': 0}, 'S3': {'D1': 10, 'D2': 12, 'D3': 4, 'D4': 7, 'D5': 0}}","{'D1': 83, 'D2': 35, 'D3': 50, 'D4': 45, 'D5': 2}","{'S1': 70, 'S2': 55, 'S3': 90}",1160.0
58,"{'S1': {'D1': 3, 'D2': 6, 'D3': 8, 'D4': 4}, 'S2': {'D1': 6, 'D2': 1, 'D3': 2, 'D4': 5}, 'S3': {'D1': 7, 'D2': 8, 'D3': 3, 'D4': 9}}","{'D1': 15, 'D2': 19, 'D3': 13, 'D4': 18}","{'S1': 20, 'S2': 28, 'S3': 17}",200.0
59,"{'S1': {'D1': 14, 'D2': 9, 'D3': 15, 'D4': 10}, 'S2': {'D1': 10, 'D2': 16, 'D3': 13, 'D4': 20}, 'S3': {'D1': 9, 'D2': 5, 'D3': 11, 'D4': 12}, 'S4': {'D1': 18, 'D2': 8, 'D3': 6, 'D4': 9}}","{'D1': 40, 'D2': 65, 'D3': 75, 'D4': 120}","{'S1': 90, 'S2': 80, 'S3': 70, 'S4': 60}",
60,"{'S1': {'D1': 10, 'D2': 20, 'D3': 5, 'D4': 7}, 'S2': {'D1': 13, 'D2': 9, 'D3': 12, 'D4': 8}, 'S3': {'D1': 4, 'D2': 15, 'D3': 7, 'D4': 9}, 'S4': {'D1': 14, 'D2': 7, 'D3': 1, 'D4': 1}, 'S5': {'D1': 3, 'D2': 12, 'D3': 5, 'D4': 19}}","{'D1': 500, 'D2': 600, 'D3': 200, 'D4': 200}","{'S1': 200, 'S2': 300, 'S3': 200, 'S4': 400, 'S5': 400}",
61,"{'S1': {'D1': 5, 'D2': 1, 'D3': 2, 'D4': 3, 'D5': 4, 'D6': 7}, 'S2': {'D1': 7, 'D2': 2, 'D3': 3, 'D4': 1, 'D5': 5, 'D6': 6}, 'S3': {'D1': 9, 'D2': 1, 'D3': 9, 'D4': 5, 'D5': 2, 'D6': 3}, 'S4': {'D1': 6, 'D2': 5, 'D3': 8, 'D4': 4, 'D5': 1, 'D6': 4}, 'S5': {'D1': 8, 'D2': 7, 'D3': 11, 'D4': 6, 'D5': 4, 'D6': 5}, 'S6': {'D1': 2, 'D2': 5, 'D3': 7, 'D4': 5, 'D5': 2, 'D6': 1}}","{'D1': 300, 'D2': 500, 'D3': 700, 'D4': 300, 'D5': 250, 'D6': 250}","{'S1': 400, 'S2': 500, 'S3': 300, 'S4': 150, 'S5': 600, 'S6': 350}",
62,"{'S1': {'D1': 10, 'D2': 30, 'D3': 50, 'D4': 70, 'D5': 20, 'D6': 40, 'D7': 20, 'D8': 35, 'D9': 40, 'D10': 15}, 'S2': {'D1': 20, 'D2': 30, 'D3': 35, 'D4': 45, 'D5': 65, 'D6': 55, 'D7': 25, 'D8': 15, 'D9': 10, 'D10': 50}, 'S3': {'D1': 40, 'D2': 10, 'D3': 20, 'D4': 15, 'D5': 30, 'D6': 25, 'D7': 45, 'D8': 55, 'D9': 60, 'D10': 25}, 'S4': {'D1': 60, 'D2': 15, 'D3': 30, 'D4': 20, 'D5': 60, 'D6': 45, 'D7': 35, 'D8': 40, 'D9': 25, 'D10': 10}, 'S5': {'D1': 20, 'D2': 20, 'D3': 35, 'D4': 25, 'D5': 55, 'D6': 40, 'D7': 30, 'D8': 50, 'D9': 20, 'D10': 30}, 'S6': {'D1': 10, 'D2': 25, 'D3': 25, 'D4': 30, 'D5': 40, 'D6': 35, 'D7': 25, 'D8': 45, 'D9': 30, 'D10': 40}, 'S7': {'D1': 20, 'D2': 30, 'D3': 15, 'D4': 40, 'D5': 35, 'D6': 15, 'D7': 20, 'D8': 40, 'D9': 10, 'D10': 45}, 'S8': {'D1': 25, 'D2': 35, 'D3': 10, 'D4': 50, 'D5': 25, 'D6': 20, 'D7': 15, 'D8': 20, 'D9': 25, 'D10': 55}, 'S9': {'D1': 30, 'D2': 45, 'D3': 25, 'D4': 35, 'D5': 15, 'D6': 30, 'D7': 10, 'D8': 30, 'D9': 30, 'D10': 30}, 'S10': {'D1': 35, 'D2': 30, 'D3': 45, 'D4': 15, 'D5': 20, 'D6': 10, 'D7': 20, 'D8': 15, 'D9': 25, 'D10': 15}}","{'D1': 1000, 'D2': 500, 'D3': 200, 'D4': 300, 'D5': 300, 'D6': 600, 'D7': 100, 'D8': 500, 'D9': 400, 'D10': 200}","{'S1': 500, 'S2': 300, 'S3': 700, 'S4': 250, 'S5': 750, 'S6': 700, 'S7': 500, 'S8': 100, 'S9': 150, 'S10': 150}",
63,"{'S1': {'D1': 4, 'D2': 6, 'D3': 9, 'D4': 5}, 'S2': {'D1': 2, 'D2': 6, 'D3': 4, 'D4': 1}, 'S3': {'D1': 5, 'D2': 7, 'D3': 2, 'D4': 9}}","{'D1': 12, 'D2': 14, 'D3': 9, 'D4': 8}","{'S1': 16, 'S2': 12, 'S3': 15}", 
64,"{'S1': {'D1': 5, 'D2': 7, 'D3': 10, 'D4': 5, 'D5': 3}, 'S2': {'D1': 8, 'D2': 6, 'D3': 9, 'D4': 12, 'D5': 14}, 'S3': {'D1': 10, 'D2': 9, 'D3': 8, 'D4': 10, 'D5': 15}}","{'D1': 3, 'D2': 3, 'D3': 10, 'D4': 5, 'D5': 4}","{'S1': 5, 'S2': 10, 'S3': 10}",183.0
65,"{'S1': {'D1': 12, 'D2': 4, 'D3': 13, 'D4': 18, 'D5': 9, 'D6': 2}, 'S2': {'D1': 9, 'D2': 16, 'D3': 10, 'D4': 7, 'D5': 15, 'D6': 11}, 'S3': {'D1': 4, 'D2': 9, 'D3': 10, 'D4': 8, 'D5': 9, 'D6': 7}, 'S4': {'D1': 9, 'D2': 3, 'D3': 12, 'D4': 6, 'D5': 4, 'D6': 5}, 'S5': {'D1': 7, 'D2': 11, 'D3': 5, 'D4': 18, 'D5': 2, 'D6': 7}, 'S6': {'D1': 16, 'D2': 8, 'D3': 4, 'D4': 5, 'D5': 1, 'D6': 10}}","{'D1': 75, 'D2': 85, 'D3': 140, 'D4': 40, 'D5': 95, 'D6': 65}","{'S1': 120, 'S2': 80, 'S3': 50, 'S4': 90, 'S5': 100, 'S6': 60}", 
66,"{'S1': {'D1': 10, 'D2': 8, 'D3': 4, 'D4': 3}, 'S2': {'D1': 12, 'D2': 14, 'D3': 20, 'D4': 2}, 'S3': {'D1': 6, 'D2': 9, 'D3': 23, 'D4': 25}, 'S4': {'D1': 0, 'D2': 0, 'D3': 0, 'D4': 0}}","{'D1': 250, 'D2': 350, 'D3': 600, 'D4': 150}","{'S1': 500, 'S2': 400, 'S3': 300, 'S4': 150}",7750.0
67,"{'S1': {'D1': 12, 'D2': 10, 'D3': 6, 'D4': 13, 'D5': 0}, 'S2': {'D1': 19, 'D2': 8, 'D3': 16, 'D4': 25, 'D5': 0}, 'S3': {'D1': 17, 'D2': 15, 'D3': 15, 'D4': 20, 'D5': 0}, 'S4': {'D1': 23, 'D2': 22, 'D3': 26, 'D4': 12, 'D5': 0}}","{'D1': 300, 'D2': 500, 'D3': 75, 'D4': 100, 'D5': 200}","{'S1': 150, 'S2': 200, 'S3': 600, 'S4': 225}",1247.0
68,"{'S1': {'D1': 5, 'D2': 8, 'D3': 6, 'D4': 6, 'D5': 3}, 'S2': {'D1': 4, 'D2': 7, 'D3': 7, 'D4': 6, 'D5': 5}, 'S3': {'D1': 8, 'D2': 4, 'D3': 6, 'D4': 6, 'D5': 4}, 'S4': {'D1': 0, 'D2': 0, 'D3': 0, 'D4': 0, 'D5': 0}}","{'D1': 400, 'D2': 400, 'D3': 500, 'D4': 400, 'D5': 800}","{'S1': 800, 'S2': 500, 'S3': 900, 'S4': 300}",9200.0
69,"{'S1': {'D1': 5, 'D2': 4, 'D3': 8, 'D4': 6, 'D5': 5, 'D6': 0}, 'S2': {'D1': 4, 'D2': 5, 'D3': 4, 'D4': 3, 'D5': 2, 'D6': 0}, 'S3': {'D1': 3, 'D2': 6, 'D3': 5, 'D4': 8, 'D5': 4, 'D6': 0}}","{'D1': 450, 'D2': 400, 'D3': 200, 'D4': 250, 'D5': 300, 'D6': 400}","{'S1': 600, 'S2': 400, 'S3': 1000}",
70,"{'S1': {'D1': 3, 'D2': 1, 'D3': 7, 'D4': 4}, 'S2': {'D1': 2, 'D2': 6, 'D3': 5, 'D4': 9}, 'S3': {'D1': 8, 'D2': 3, 'D3': 3, 'D4': 2}}","{'D1': 250, 'D2': 350, 'D3': 400, 'D4': 200}","{'S1': 300, 'S2': 400, 'S3': 500}",2850.0
71,"{'S1': {'D1': 50, 'D2': 60, 'D3': 100, 'D4': 50}, 'S2': {'D1': 80, 'D2': 40, 'D3': 70, 'D4': 50}, 'S3': {'D1': 90, 'D2': 70, 'D3': 30, 'D4': 50}}","{'D1': 10, 'D2': 18, 'D3': 22, 'D4': 24}","{'S1': 20, 'S2': 38, 'S3': 16}",3320.0
,"{'S1': {'D1': 7, 'D2': 5, 'D3': 9, 'D4': 11}, 'S2': {'D1': 4, 'D2': 3, 'D3': 8, 'D4': 6}, 'S3': {'D1': 3, 'D2': 8, 'D3': 10, 'D4': 5}, 'S4': {'D1': 2, 'D2': 6, 'D3': 7, 'D4': 3}}","{'D1': 30, 'D2': 30, 'D3': 20, 'D4': 10}","{'S1': 30, 'S2': 25, 'S3': 20, 'S4': 15}",410.0
,"{'S1': {'D1': 4, 'D2': 3, 'D3': 5}, 'S2': {'D1': 6, 'D2': 5, 'D3': 4}, 'S3': {'D1': 8, 'D2': 10, 'D3': 7}}","{'D1': 70, 'D2': 120, 'D3': 80}","{'S1': 90, 'S2': 80, 'S3': 100}",1390.0
,"{'S1': {'D1': 19, 'D2': 30, 'D3': 50, 'D4': 12}, 'S2': {'D1': 70, 'D2': 30, 'D3': 40, 'D4': 60}, 'S3': {'D1': 40, 'D2': 10, 'D3': 60, 'D4': 20}}","{'D1': 250, 'D2': 350, 'D3': 400, 'D4': 200}","{'S1': 300, 'S2': 400, 'S3': 500}",799.0
,"{'S1': {'D1': 4, 'D2': 3, 'D3': 5}, 'S2': {'D1': 6, 'D2': 5, 'D3': 4}, 'S3': {'D1': 8, 'D2': 10, 'D3': 7}}","{'D1': 70, 'D2': 120, 'D3': 80}","{'S1': 90, 'S2': 80, 'S3': 100}",1390.0
,"{'S1': {'D1': 15, 'D2': 7, 'D3': 25}, 'S2': {'D1': 8, 'D2': 12, 'D3': 14}, 'S3': {'D1': 17, 'D2': 19, 'D3': 21}, 'S4': {'D1': 0, 'D2': 0, 'D3': 0}}","{'D1': 12, 'D2': 10, 'D3': 14}","{'S1': 12, 'S2': 7, 'S3': 7, 'S4': 10}",425.0
,"{'S1': {'D1': 6, 'D2': 3, 'D3': 5, 'D4': 4}, 'S2': {'D1': 5, 'D2': 9, 'D3': 2, 'D4': 7}, 'S3': {'D1': 5, 'D2': 7, 'D3': 8, 'D4': 6}}","{'D1': 7, 'D2': 12, 'D3': 17, 'D4': 9}","{'S1': 22, 'S2': 15, 'S3': 8}",149.0
,"{'S1': {'D1': 1, 'D2': 2, 'D3': 1, 'D4': 4}, 'S2': {'D1': 4, 'D2': 2, 'D3': 5, 'D4': 9}, 'S3': {'D1': 20, 'D2': 40, 'D3': 30, 'D4': 10}}","{'D1': 20, 'D2': 40, 'D3': 30, 'D4': 10}","{'S1': 30, 'S2': 50, 'S3': 20}",450.0
,"{'S1': {'D1': 3, 'D2': 1, 'D3': 7, 'D4': 4}, 'S2': {'D1': 2, 'D2': 6, 'D3': 5, 'D4': 9}, 'S3': {'D1': 8, 'D2': 3, 'D3': 3, 'D4': 2}}","{'D1': 250, 'D2': 350, 'D3': 400, 'D4': 200}","{'S1': 300, 'S2': 400, 'S3': 500}",2850.0
,"{'S1': {'D1': 5, 'D2': 7, 'D3': 10, 'D4': 5, 'D5': 3}, 'S2': {'D1': 8, 'D2': 6, 'D3': 9, 'D4': 12, 'D5': 14}, 'S3': {'D1': 10, 'D2': 9, 'D3': 8, 'D4': 10, 'D5': 15}}","{'D1': 3, 'D2': 3, 'D3': 10, 'D4': 5, 'D5': 4}","{'S1': 5, 'S2': 10, 'S3': 10}",183.0
,"{'S1': {'D1': 7, 'D2': 5, 'D3': 9, 'D4': 11}, 'S2': {'D1': 4, 'D2': 3, 'D3': 8, 'D4': 6}, 'S3': {'D1': 3, 'D2': 8, 'D3': 10, 'D4': 5}, 'S4': {'D1': 2, 'D2': 6, 'D3': 7, 'D4': 3}}","{'D1': 30, 'D2': 30, 'D3': 20, 'D4': 10}","{'S1': 30, 'S2': 25, 'S3': 20, 'S4': 15}",410.0
,"{'S1': {'D1': 7, 'D2': 10, 'D3': 7, 'D4': 4, 'D5': 7, 'D6': 8}, 'S2': {'D1': 5, 'D2': 1, 'D3': 5, 'D4': 5, 'D5': 3, 'D6': 3}, 'S3': {'D1': 4, 'D2': 3, 'D3': 7, 'D4': 9, 'D5': 1, 'D6': 9}, 'S4': {'D1': 4, 'D2': 6, 'D3': 9, 'D4': 0, 'D5': 0, 'D6': 8}}","{'D1': 4, 'D2': 4, 'D3': 6, 'D4': 2, 'D5': 4, 'D6': 2}","{'S1': 5, 'S2': 6, 'S3': 2, 'S4': 9}",68.0
,"{'S1': {'D1': 9, 'D2': 12, 'D3': 9, 'D4': 6, 'D5': 9, 'D6': 10}, 'S2': {'D1': 7, 'D2': 3, 'D3': 7, 'D4': 7, 'D5': 5, 'D6': 5}, 'S3': {'D1': 6, 'D2': 5, 'D3': 9, 'D4': 11, 'D5': 3, 'D6': 11}, 'S4': {'D1': 6, 'D2': 8, 'D3': 11, 'D4': 2, 'D5': 2, 'D6': 10}}","{'D1': 4, 'D2': 4, 'D3': 6, 'D4': 2, 'D5': 4, 'D6': 2}","{'S1': 5, 'S2': 6, 'S3': 2, 'S4': 9}",112.0
,"{'S1': {'D1': 73, 'D2': 40, 'D3': 9, 'D4': 79, 'D5': 20}, 'S2': {'D1': 62, 'D2': 93, 'D3': 96, 'D4': 8, 'D5': 13}, 'S3': {'D1': 96, 'D2': 65, 'D3': 80, 'D4': 50, 'D5': 65}, 'S4': {'D1': 57, 'D2': 58, 'D3': 29, 'D4': 12, 'D5': 87}, 'S5': {'D1': 56, 'D2': 23, 'D3': 87, 'D4': 18, 'D5': 12}}","{'D1': 6, 'D2': 8, 'D3': 10, 'D4': 4, 'D5': 4}","{'S1': 8, 'S2': 7, 'S3': 9, 'S4': 3, 'S5': 5}",1102.0
,"{'S1': {'D1': 5, 'D2': 3, 'D3': 7, 'D4': 3, 'D5': 8, 'D6': 5}, 'S2': {'D1': 5, 'D2': 6, 'D3': 12, 'D4': 5, 'D5': 7, 'D6': 11}, 'S3': {'D1': 2, 'D2': 8, 'D3': 3, 'D4': 4, 'D5': 8, 'D6': 2}, 'S4': {'D1': 9, 'D2': 6, 'D3': 10, 'D4': 5, 'D5': 10, 'D6': 9}, 'S5': {'D1': 5, 'D2': 3, 'D3': 7, 'D4': 3, 'D5': 8, 'D6': 5}}","{'D1': 3, 'D2': 4, 'D3': 6, 'D4': 2, 'D5': 1, 'D6': 4}","{'S1': 3, 'S2': 4, 'S3': 2, 'S4': 8, 'S5': 3}",116.0
,"{'S1': {'D1': 12, 'D2': 7, 'D3': 3, 'D4': 8, 'D5': 10, 'D6': 6, 'D7': 6}, 'S2': {'D1': 6, 'D2': 9, 'D3': 7, 'D4': 12, 'D5': 8, 'D6': 12, 'D7': 4}, 'S3': {'D1': 10, 'D2': 12, 'D3': 8, 'D4': 4, 'D5': 9, 'D6': 9, 'D7': 3}, 'S4': {'D1': 8, 'D2': 5, 'D3': 11, 'D4': 6, 'D5': 7, 'D6': 9, 'D7': 3}, 'S5': {'D1': 7, 'D2': 6, 'D3': 8, 'D4': 11, 'D5': 9, 'D6': 5, 'D7': 6}}","{'D1': 20, 'D2': 30, 'D3': 40, 'D4': 70, 'D5': 60, 'D6': 80, 'D7': 100}","{'S1': 60, 'S2': 80, 'S3': 70, 'S4': 100, 'S5': 90}",1900.0
,"{'S1': {'D1': 12, 'D2': 4, 'D3': 13, 'D4': 18, 'D5': 9, 'D6': 2}, 'S2': {'D1': 9, 'D2': 6, 'D3': 10, 'D4': 7, 'D5': 5, 'D6': 11}, 'S3': {'D1': 4, 'D2': 9, 'D3': 10, 'D4': 8, 'D5': 9, 'D6': 7}, 'S4': {'D1': 9, 'D2': 3, 'D3': 12, 'D4': 6, 'D5': 4, 'D6': 5}, 'S5': {'D1': 7, 'D2': 11, 'D3': 5, 'D4': 18, 'D5': 2, 'D6': 7}, 'S6': {'D1': 16, 'D2': 8, 'D3': 4, 'D4': 5, 'D5': 1, 'D6': 10}}","{'D1': 75, 'D2': 85, 'D3': 140, 'D4': 40, 'D5': 95, 'D6': 65}","{'S1': 120, 'S2': 80, 'S3': 50, 'S4': 90, 'S5': 100, 'S6': 60}",2170.0
,"{'S1': {'D1': 2, 'D2': 7, 'D3': 14, 'D4': 0}, 'S2': {'D1': 3, 'D2': 3, 'D3': 1, 'D4': 0}, 'S3': {'D1': 5, 'D2': 4, 'D3': 7, 'D4': 0}, 'S4': {'D1': 1, 'D2': 6, 'D3': 2, 'D4': 0}}","{'D1': 7, 'D2': 9, 'D3': 18, 'D4': 1}","{'S1': 5, 'S2': 8, 'S3': 7, 'S4': 15}",75.0
,"{'S1': {'D1': 4, 'D2': 6, 'D3': 8, 'D4': 13, 'D5': 0}, 'S2': {'D1': 13, 'D2': 11, 'D3': 19, 'D4': 8, 'D5': 0}, 'S3': {'D1': 14, 'D2': 4, 'D3': 10, 'D4': 13, 'D5': 0}, 'S4': {'D1': 9, 'D2': 11, 'D3': 13, 'D4': 8, 'D5': 0}}","{'D1': 25, 'D2': 35, 'D3': 105, 'D4': 20, 'D5': 15}","{'S1': 50, 'S2': 70, 'S3': 30, 'S4': 50}",1545.0
,"{'S1': {'D1': 4, 'D2': 8, 'D3': 8, 'D4': 0}, 'S2': {'D1': 13, 'D2': 24, 'D3': 16, 'D4': 0}, 'S3': {'D1': 8, 'D2': 16, 'D3': 24, 'D4': 0}}","{'D1': 72, 'D2': 102, 'D3': 41, 'D4': 20}","{'S1': 76, 'S2': 82, 'S3': 77}",2361.0
,"{'S1': {'D1': 5, 'D2': 7, 'D3': 9, 'D4': 6}, 'S2': {'D1': 6, 'D2': 7, 'D3': 10, 'D4': 5}, 'S3': {'D1': 7, 'D2': 6, 'D3': 8, 'D4': 1}}","{'D1': 10, 'D2': 6, 'D3': 8, 'D4': 12}","{'S1': 12, 'S2': 14, 'S3': 10}",190.0
,"{'S1': {'D1': 2, 'D2': 5, 'D3': 6, 'D4': 3}, 'S2': {'D1': 9, 'D2': 6, 'D3': 2, 'D4': 1}, 'S3': {'D1': 5, 'D2': 2, 'D3': 3, 'D4': 6}, 'S4': {'D1': 7, 'D2': 7, 'D3': 2, 'D4': 4}}","{'D1': 10, 'D2': 4, 'D3': 6, 'D4': 14}","{'S1': 6, 'S2': 9, 'S3': 7, 'S4': 12}",83.0
,"{'S1': {'D1': 45, 'D2': 52, 'D3': 63, 'D4': 57}, 'S2': {'D1': 58, 'D2': 48, 'D3': 56, 'D4': 54}, 'S3': {'D1': 52, 'D2': 55, 'D3': 62, 'D4': 58}, 'S4': {'D1': 65, 'D2': 48, 'D3': 44, 'D4': 54}}","{'D1': 12600, 'D2': 12500, 'D3': 13000, 'D4': 15400}","{'S1': 15500, 'S2': 12000, 'S3': 14400, 'S4': 11600}",2655600.0
,"{'S1': {'D1': 9, 'D2': 8, 'D3': 5, 'D4': 7}, 'S2': {'D1': 4, 'D2': 6, 'D3': 8, 'D4': 7}, 'S3': {'D1': 5, 'D2': 8, 'D3': 9, 'D4': 5}}","{'D1': 8, 'D2': 18, 'D3': 13, 'D4': 3}","{'S1': 12, 'S2': 14, 'S3': 16}",240.0
,"{'S1': {'D1': 2, 'D2': 2, 'D3': 2, 'D4': 1}, 'S2': {'D1': 10, 'D2': 8, 'D3': 5, 'D4': 4}, 'S3': {'D1': 7, 'D2': 6, 'D3': 6, 'D4': 8}}","{'D1': 4, 'D2': 3, 'D3': 4, 'D4': 4}","{'S1': 3, 'S2': 7, 'S3': 5}",68.0
,"{'S1': {'D1': 4, 'D2': 3, 'D3': 5}, 'S2': {'D1': 6, 'D2': 5, 'D3': 4}, 'S3': {'D1': 8, 'D2': 10, 'D3': 7}}","{'D1': 7, 'D2': 12, 'D3': 8}","{'S1': 9, 'S2': 8, 'S3': 10}",139.0
,"{'S1': {'D1': 3, 'D2': 1, 'D3': 7, 'D4': 4}, 'S2': {'D1': 2, 'D2': 6, 'D3': 5, 'D4': 9}, 'S3': {'D1': 8, 'D2': 3, 'D3': 3, 'D4': 2}}","{'D1': 250, 'D2': 350, 'D3': 400, 'D4': 200}","{'S1': 300, 'S2': 400, 'S3': 500}",2850.0
,"{'S1': {'D1': 4, 'D2': 3, 'D3': 5}, 'S2': {'D1': 6, 'D2': 5, 'D3': 4}, 'S3': {'D1': 8, 'D2': 10, 'D3': 7}}","{'D1': 70, 'D2': 120, 'D3': 80}","{'S1': 90, 'S2': 80, 'S3': 100}",1390.0
,"{'S1': {'D1': 4, 'D2': 3, 'D3': 4}, 'S2': {'D1': 10, 'D2': 7, 'D3': 5}, 'S3': {'D1': 8, 'D2': 8, 'D3': 3}, 'S4': {'D1': 5, 'D2': 6, 'D3': 6}}","{'D1': 16, 'D2': 10, 'D3': 14}","{'S1': 11, 'S2': 12, 'S3': 10, 'S4': 7}",183.0
,"{'S1': {'D1': 50, 'D2': 30, 'D3': 220}, 'S2': {'D1': 90, 'D2': 45, 'D3': 170}, 'S3': {'D1': 250, 'D2': 200, 'D3': 50}}","{'D1': 4, 'D2': 2, 'D3': 2}","{'S1': 1, 'S2': 3, 'S3': 4}",820.0
,"{'S1': {'D1': 19, 'D2': 30, 'D3': 50, 'D4': 10}, 'S2': {'D1': 70, 'D2': 30, 'D3': 40, 'D4': 60}, 'S3': {'D1': 40, 'D2': 8, 'D3': 70, 'D4': 20}}","{'D1': 5, 'D2': 8, 'D3': 7, 'D4': 14}","{'S1': 7, 'S2': 9, 'S3': 18}",743.0
,"{'S1': {'D1': 4, 'D2': 3, 'D3': 0, 'D4': 5}, 'S2': {'D1': 9, 'D2': 7, 'D3': 3, 'D4': 2}, 'S3': {'D1': 1, 'D2': 5, 'D3': 4, 'D4': 3}, 'S4': {'D1': 6, 'D2': 8, 'D3': 24, 'D4': 16}}","{'D1': 5, 'D2': 7, 'D3': 6, 'D4': 3}","{'S1': 8, 'S2': 2, 'S3': 9, 'S4': 2}",94.0
,"{'S1': {'D1': 3, 'D2': 4, 'D3': 6, 'D4': 8, 'D5': 9}, 'S2': {'D1': 2, 'D2': 10, 'D3': 1, 'D4': 5, 'D5': 8}, 'S3': {'D1': 7, 'D2': 11, 'D3': 20, 'D4': 40, 'D5': 3}, 'S4': {'D1': 2, 'D2': 1, 'D3': 9, 'D4': 14, 'D5': 16}}","{'D1': 40, 'D2': 6, 'D3': 8, 'D4': 18, 'D5': 6}","{'S1': 20, 'S2': 30, 'S3': 15, 'S4': 13}",
,"{'S1': {'D1': 19, 'D2': 30, 'D3': 50, 'D4': 10}, 'S2': {'D1': 70, 'D2': 30, 'D3': 40, 'D4': 60}, 'S3': {'D1': 40, 'D2': 8, 'D3': 70, 'D4': 20}}","{'D1': 5, 'D2': 8, 'D3': 7, 'D4': 14}","{'S1': 7, 'S2': 9, 'S3': 18}",
,"{'S1': {'D1': 6, 'D2': 4, 'D3': 1}, 'S2': {'D1': 3, 'D2': 8, 'D3': 7}, 'S3': {'D1': 4, 'D2': 4, 'D3': 2}}","{'D1': 20, 'D2': 95, 'D3': 35}","{'S1': 50, 'S2': 40, 'S3': 60}",
,"{'S1': {'D1': 71, 'D2': 78, 'D3': 100, 'D4': 91, 'D5': 87, 'D6': 94}, 'S2': {'D1': 71, 'D2': 77, 'D3': 99, 'D4': 90, 'D5': 86, 'D6': 93}, 'S3': {'D1': 73, 'D2': 81, 'D3': 103, 'D4': 94, 'D5': 89, 'D6': 97}, 'S4': {'D1': 76, 'D2': 84, 'D3': 105, 'D4': 97, 'D5': 92, 'D6': 100}, 'S5': {'D1': 102, 'D2': 111, 'D3': 73, 'D4': 119, 'D5': 90, 'D6': 89}}","{'D1': 300181500, 'D2': 68826000, 'D3': 33457500, 'D4': 316186500, 'D5': 299676000, 'D6': 108939000}","{'S1': 331827000, 'S2': 289543771, 'S3': 337921229, 'S4': 38517000, 'S5': 129457500}",
,"{'S1': {'D1': 20, 'D2': 22, 'D3': 17, 'D4': 4}, 'S2': {'D1': 24, 'D2': 37, 'D3': 9, 'D4': 7}, 'S3': {'D1': 32, 'D2': 37, 'D3': 20, 'D4': 15}}","{'D1': 60, 'D2': 40, 'D3': 30, 'D4': 110}","{'S1': 120, 'S2': 70, 'S3': 50}",3460.0
,"{'S1': {'D1': 3, 'D2': 5, 'D3': 7, 'D4': 6}, 'S2': {'D1': 2, 'D2': 5, 'D3': 8, 'D4': 2}, 'S3': {'D1': 3, 'D2': 6, 'D3': 9, 'D4': 2}}","{'D1': 20, 'D2': 20, 'D3': 50, 'D4': 60}","{'S1': 50, 'S2': 75, 'S3': 25}",
,"{'S1': {'D1': 19, 'D2': 30, 'D3': 50, 'D4': 10}, 'S2': {'D1': 70, 'D2': 30, 'D3': 40, 'D4': 60}, 'S3': {'D1': 40, 'D2': 8, 'D3': 70, 'D4': 20}}","{'D1': 5, 'D2': 8, 'D3': 7, 'D4': 14}","{'S1': 7, 'S2': 9, 'S3': 18}",
,"{'S1': {'D1': 41, 'D2': 46, 'D3': 14, 'D4': 49}, 'S2': {'D1': 46, 'D2': 32, 'D3': 28, 'D4': 8}, 'S3': {'D1': 7, 'D2': 5, 'D3': 48, 'D4': 49}}","{'D1': 5, 'D2': 8, 'D3': 7, 'D4': 14}","{'S1': 7, 'S2': 9, 'S3': 18}",
,"{'S1': {'D1': 82, 'D2': 10, 'D3': 16, 'D4': 15, 'D5': 66}, 'S2': {'D1': 91, 'D2': 28, 'D3': 98, 'D4': 43, 'D5': 4}, 'S3': {'D1': 13, 'D2': 55, 'D3': 96, 'D4': 92, 'D5': 85}, 'S4': {'D1': 92, 'D2': 96, 'D3': 49, 'D4': 80, 'D5': 94}, 'S5': {'D1': 64, 'D2': 97, 'D3': 81, 'D4': 96, 'D5': 68}}","{'D1': 1, 'D2': 4, 'D3': 6, 'D4': 8, 'D5': 7}","{'S1': 2, 'S2': 3, 'S3': 5, 'S4': 7, 'S5': 9}",
,"{'S1': {'D1': 17, 'D2': 4, 'D3': 14, 'D4': 15, 'D5': 9, 'D6': 6, 'D7': 16}, 'S2': {'D1': 19, 'D2': 20, 'D3': 1, 'D4': 1, 'D5': 8, 'D6': 14, 'D7': 6}, 'S3': {'D1': 3, 'D2': 20, 'D3': 17, 'D4': 6, 'D5': 16, 'D6': 14, 'D7': 11}, 'S4': {'D1': 19, 'D2': 10, 'D3': 19, 'D4': 1, 'D5': 16, 'D6': 4, 'D7': 14}, 'S5': {'D1': 13, 'D2': 17, 'D3': 14, 'D4': 2, 'D5': 4, 'D6': 3, 'D7': 18}, 'S6': {'D1': 2, 'D2': 3, 'D3': 16, 'D4': 17, 'D5': 10, 'D6': 10, 'D7': 20}, 'S7': {'D1': 6, 'D2': 9, 'D3': 15, 'D4': 14, 'D5': 9, 'D6': 20, 'D7': 11}, 'S8': {'D1': 11, 'D2': 19, 'D3': 8, 'D4': 7, 'D5': 13, 'D6': 7, 'D7': 3}, 'S9': {'D1': 20, 'D2': 16, 'D3': 14, 'D4': 20, 'D5': 15, 'D6': 12, 'D7': 3}, 'S10': {'D1': 20, 'D2': 20, 'D3': 4, 'D4': 1, 'D5': 16, 'D6': 5, 'D7': 6}}","{'D1': 14, 'D2': 24, 'D3': 28, 'D4': 33, 'D5': 4, 'D6': 12, 'D7': 14}","{'S1': 6, 'S2': 8, 'S3': 11, 'S4': 13, 'S5': 23, 'S6': 5, 'S7': 20, 'S8': 13, 'S9': 14, 'S10': 16}",
,"{'S1': {'D1': 25, 'D2': 29, 'D3': 13, 'D4': 21, 'D5': 9, 'D6': 14, 'D7': 22, 'D8': 29, 'D9': 27}, 'S2': {'D1': 28, 'D2': 29, 'D3': 28, 'D4': 23, 'D5': 2, 'D6': 12, 'D7': 23, 'D8': 11, 'D9': 29}, 'S3': {'D1': 4, 'D2': 5, 'D3': 24, 'D4': 23, 'D5': 3, 'D6': 23, 'D7': 9, 'D8': 18, 'D9': 17}, 'S4': {'D1': 28, 'D2': 30, 'D3': 29, 'D4': 12, 'D5': 25, 'D6': 24, 'D7': 21, 'D8': 7, 'D9': 5}, 'S5': {'D1': 19, 'D2': 29, 'D3': 20, 'D4': 20, 'D5': 21, 'D6': 6, 'D7': 20, 'D8': 23, 'D9': 5}, 'S6': {'D1': 3, 'D2': 15, 'D3': 2, 'D4': 6, 'D5': 10, 'D6': 15, 'D7': 5, 'D8': 8, 'D9': 8}, 'S7': {'D1': 9, 'D2': 25, 'D3': 26, 'D4': 22, 'D5': 29, 'D6': 14, 'D7': 4, 'D8': 16, 'D9': 26}, 'S8': {'D1': 17, 'D2': 5, 'D3': 29, 'D4': 1, 'D5': 2, 'D6': 20, 'D7': 15, 'D8': 21, 'D9': 8}}","{'D1': 13, 'D2': 21, 'D3': 15, 'D4': 8, 'D5': 10, 'D6': 12, 'D7': 20, 'D8': 13, 'D9': 16}","{'S1': 16, 'S2': 18, 'S3': 10, 'S4': 13, 'S5': 11, 'S6': 15, 'S7': 22, 'S8': 23}",
,"{'S1': {'D1': 20, 'D2': 30, 'D3': 50, 'D4': 10}, 'S2': {'D1': 70, 'D2': 30, 'D3': 40, 'D4': 60}, 'S3': {'D1': 40, 'D2': 20, 'D3': 70, 'D4': 20}}","{'D1': 5, 'D2': 8, 'D3': 7, 'D4': 14}","{'S1': 7, 'S2': 9, 'S3': 18}",870.0
,"{'S1': {'D1': 6, 'D2': 6, 'D3': 10}, 'S2': {'D1': 12, 'D2': 10, 'D3': 8}, 'S3': {'D1': 12, 'D2': 20, 'D3': 14}}","{'D1': 7, 'D2': 12, 'D3': 8}","{'S1': 9, 'S2': 8, 'S3': 10}",125.0
,"{'S1': {'D1': 12, 'D2': 3, 'D3': 6, 'D4': 12, 'D5': 12}, 'S2': {'D1': 6, 'D2': 9, 'D3': 6, 'D4': 6, 'D5': 9}, 'S3': {'D1': 9, 'D2': 15, 'D3': 6, 'D4': 12, 'D5': 12}}","{'D1': 22, 'D2': 45, 'D3': 20, 'D4': 18, 'D5': 30}","{'S1': 60, 'S2': 35, 'S3': 40}",860.0
,"{'S1': {'D1': 7, 'D2': 5, 'D3': 9, 'D4': 11}, 'S2': {'D1': 4, 'D2': 3, 'D3': 8, 'D4': 6}, 'S3': {'D1': 3, 'D2': 8, 'D3': 10, 'D4': 5}, 'S4': {'D1': 2, 'D2': 6, 'D3': 7, 'D4': 3}}","{'D1': 30, 'D2': 30, 'D3': 20, 'D4': 10}","{'S1': 30, 'S2': 25, 'S3': 20, 'S4': 15}",415.0
,"{'S1': {'D1': 6, 'D2': 4, 'D3': 4, 'D4': 7, 'D5': 5}, 'S2': {'D1': 5, 'D2': 6, 'D3': 7, 'D4': 4, 'D5': 8}, 'S3': {'D1': 3, 'D2': 4, 'D3': 6, 'D4': 3, 'D5': 4}}","{'D1': 60, 'D2': 80, 'D3': 85, 'D4': 105, 'D5': 70}","{'S1': 100, 'S2': 125, 'S3': 175}",1580.0
,"{'S1': {'D1': 2, 'D2': 7, 'D3': 8, 'D4': 8, 'D5': 3}, 'S2': {'D1': 5, 'D2': 6, 'D3': 5, 'D4': 5, 'D5': 6}, 'S3': {'D1': 5, 'D2': 7, 'D3': 8, 'D4': 8, 'D5': 3}}","{'D1': 3, 'D2': 1, 'D3': 1, 'D4': 2, 'D5': 3}","{'S1': 2, 'S2': 3, 'S3': 5}",40.0
,"{'S1': {'D1': 9, 'D2': 12, 'D3': 9, 'D4': 6, 'D5': 9, 'D6': 10}, 'S2': {'D1': 7, 'D2': 3, 'D3': 7, 'D4': 5, 'D5': 5, 'D6': 6}, 'S3': {'D1': 6, 'D2': 5, 'D3': 9, 'D4': 11, 'D5': 3, 'D6': 11}, 'S4': {'D1': 6, 'D2': 8, 'D3': 11, 'D4': 2, 'D5': 2, 'D6': 10}}","{'D1': 4, 'D2': 4, 'D3': 6, 'D4': 2, 'D5': 4, 'D6': 2}","{'S1': 5, 'S2': 6, 'S3': 2, 'S4': 9}",112.0
,"{'S1': {'D1': 2, 'D2': 6, 'D3': 4, 'D4': 2, 'D5': 5, 'D6': 9}, 'S2': {'D1': 3, 'D2': 4, 'D3': 3, 'D4': 3, 'D5': 2, 'D6': 1}, 'S3': {'D1': 2, 'D2': 5, 'D3': 1, 'D4': 2, 'D5': 1, 'D6': 4}, 'S4': {'D1': 6, 'D2': 4, 'D3': 3, 'D4': 1, 'D5': 7, 'D6': 3}}","{'D1': 25, 'D2': 50, 'D3': 20, 'D4': 40, 'D5': 30, 'D6': 10}","{'S1': 75, 'S2': 50, 'S3': 30, 'S4': 20}",430.0
,"{'S1': {'D1': 7, 'D2': 2, 'D3': 3, 'D4': 7}, 'S2': {'D1': 1, 'D2': 5, 'D3': 4, 'D4': 5}, 'S3': {'D1': 7, 'D2': 2, 'D3': 4, 'D4': 5}}","{'D1': 2, 'D2': 1, 'D3': 1, 'D4': 2}","{'S1': 2, 'S2': 1, 'S3': 3}",23.0
,"{'S1': {'D1': 3, 'D2': 4, 'D3': 5, 'D4': 3, 'D5': 6, 'D6': 6}, 'S2': {'D1': 2, 'D2': 3, 'D3': 4, 'D4': 5, 'D5': 2, 'D6': 5}, 'S3': {'D1': 7, 'D2': 5, 'D3': 4, 'D4': 7, 'D5': 6, 'D6': 5}, 'S4': {'D1': 4, 'D2': 5, 'D3': 2, 'D4': 3, 'D5': 3, 'D6': 2}, 'S5': {'D1': 7, 'D2': 3, 'D3': 5, 'D4': 7, 'D5': 5, 'D6': 6}}","{'D1': 3, 'D2': 5, 'D3': 7, 'D4': 2, 'D5': 1, 'D6': 8}","{'S1': 8, 'S2': 7, 'S3': 3, 'S4': 2, 'S5': 6}",97.0
,"{'S1': {'D1': 21, 'D2': 16, 'D3': 25, 'D4': 13}, 'S2': {'D1': 17, 'D2': 18, 'D3': 14, 'D4': 23}, 'S3': {'D1': 32, 'D2': 27, 'D3': 18, 'D4': 41}}","{'D1': 6, 'D2': 10, 'D3': 12, 'D4': 15}","{'S1': 11, 'S2': 13, 'S3': 19}",796.0
,"{'S1': {'D1': 3, 'D2': 6, 'D3': 8, 'D4': 4}, 'S2': {'D1': 6, 'D2': 1, 'D3': 2, 'D4': 5}, 'S3': {'D1': 7, 'D2': 8, 'D3': 3, 'D4': 9}}","{'D1': 15, 'D2': 19, 'D3': 13, 'D4': 18}","{'S1': 20, 'S2': 28, 'S3': 17}",
,"{'S1': {'D1': 6, 'D2': 10, 'D3': 14, 'D4': 0}, 'S2': {'D1': 12, 'D2': 19, 'D3': 21, 'D4': 0}, 'S3': {'D1': 15, 'D2': 14, 'D3': 17, 'D4': 0}}","{'D1': 30, 'D2': 40, 'D3': 55, 'D4': 25}","{'S1': 50, 'S2': 50, 'S3': 50}",
,"{'S1': {'D1': 6, 'D2': 1, 'D3': 9, 'D4': 3}, 'S2': {'D1': 11, 'D2': 5, 'D3': 2, 'D4': 8}, 'S3': {'D1': 10, 'D2': 12, 'D3': 4, 'D4': 7}, 'S4': {'D1': 0, 'D2': 0, 'D3': 0, 'D4': 0}}","{'D1': 85, 'D2': 35, 'D3': 50, 'D4': 45}","{'S1': 70, 'S2': 55, 'S3': 70, 'S4': 20}",960.0
,"{'S1': {'D1': 7, 'D2': 8, 'D3': 11, 'D4': 10, 'D5': 0}, 'S2': {'D1': 10, 'D2': 12, 'D3': 5, 'D4': 4, 'D5': 0}, 'S3': {'D1': 6, 'D2': 11, 'D3': 10, 'D4': 9, 'D5': 0}}","{'D1': 20, 'D2': 28, 'D3': 19, 'D4': 33, 'D5': 10}","{'S1': 30, 'S2': 45, 'S3': 35}",606.0
,"{'S1': {'D1': 5, 'D2': 6, 'D3': 9, 'D4': 0}, 'S2': {'D1': 3, 'D2': 5, 'D3': 10, 'D4': 0}, 'S3': {'D1': 6, 'D2': 7, 'D3': 6, 'D4': 0}, 'S4': {'D1': 6, 'D2': 4, 'D3': 10, 'D4': 0}}","{'D1': 70, 'D2': 80, 'D3': 120, 'D4': 30}","{'S1': 100, 'S2': 75, 'S3': 50, 'S4': 75}",1465.0
,"{'S1': {'D1': 10, 'D2': 15, 'D3': 12, 'D4': 12}, 'S2': {'D1': 8, 'D2': 10, 'D3': 11, 'D4': 9}, 'S3': {'D1': 11, 'D2': 12, 'D3': 13, 'D4': 10}, 'S4': {'D1': 0, 'D2': 0, 'D3': 0, 'D4': 0}}","{'D1': 140, 'D2': 120, 'D3': 80, 'D4': 220}","{'S1': 200, 'S2': 150, 'S3': 120, 'S4': 90}",4720.0
,"{'S1': {'D1': 5, 'D2': 3, 'D3': 6, 'D4': 2}, 'S2': {'D1': 4, 'D2': 7, 'D3': 9, 'D4': 1}, 'S3': {'D1': 3, 'D2': 4, 'D3': 7, 'D4': 5}, 'S4': {'D1': 0, 'D2': 0, 'D3': 0, 'D4': 0}}","{'D1': 16, 'D2': 18, 'D3': 31, 'D4': 25}","{'S1': 9, 'S2': 37, 'S3': 25, 'S4': 19}",355.0
,"{'S1': {'D1': 4, 'D2': 6, 'D3': 5, 'D4': 2}, 'S2': {'D1': 6, 'D2': 4, 'D3': 1, 'D4': 4}, 'S3': {'D1': 5, 'D2': 2, 'D3': 3, 'D4': 1}, 'S4': {'D1': 4, 'D2': 6, 'D3': 7, 'D4': 8}}","{'D1': 9, 'D2': 16, 'D3': 10, 'D4': 7}","{'S1': 6, 'S2': 10, 'S3': 12, 'S4': 14}",111.0
,"{'S1': {'D1': 9, 'D2': 12, 'D3': 9, 'D4': 6, 'D5': 9, 'D6': 10}, 'S2': {'D1': 7, 'D2': 3, 'D3': 7, 'D4': 7, 'D5': 5, 'D6': 5}, 'S3': {'D1': 6, 'D2': 5, 'D3': 9, 'D4': 11, 'D5': 3, 'D6': 11}, 'S4': {'D1': 6, 'D2': 8, 'D3': 11, 'D4': 2, 'D5': 2, 'D6': 10}}","{'D1': 2, 'D2': 2, 'D3': 4, 'D4': 4, 'D5': 4, 'D6': 6}","{'S1': 2, 'S2': 5, 'S3': 6, 'S4': 9}",109.0
,"{'S1': {'D1': 20, 'D2': 2, 'D3': 20, 'D4': 11}, 'S2': {'D1': 24, 'D2': 7, 'D3': 9, 'D4': 20}, 'S3': {'D1': 8, 'D2': 14, 'D3': 16, 'D4': 18}}","{'D1': 10, 'D2': 30, 'D3': 30, 'D4': 30}","{'S1': 30, 'S2': 50, 'S3': 20}",910.0
,"{'S1': {'D1': 7, 'D2': 5, 'D3': 27, 'D4': 22}, 'S2': {'D1': 4, 'D2': 3, 'D3': 24, 'D4': 12}, 'S3': {'D1': 6, 'D2': 16, 'D3': 60, 'D4': 20}, 'S4': {'D1': 2, 'D2': 6, 'D3': 21, 'D4': 6}}","{'D1': 60, 'D2': 60, 'D3': 40, 'D4': 20}","{'S1': 60, 'S2': 50, 'S3': 40, 'S4': 30}",1670.0
,"{'S1': {'D1': 21, 'D2': 5, 'D3': 9, 'D4': 11}, 'S2': {'D1': 12, 'D2': 3, 'D3': 8, 'D4': 6}, 'S3': {'D1': 9, 'D2': 8, 'D3': 10, 'D4': 5}, 'S4': {'D1': 6, 'D2': 6, 'D3': 7, 'D4': 3}}","{'D1': 120, 'D2': 120, 'D3': 80, 'D4': 40}","{'S1': 120, 'S2': 100, 'S3': 80, 'S4': 60}",2280.0
,"{'S1': {'D1': 10, 'D2': 2, 'D3': 20, 'D4': 22}, 'S2': {'D1': 12, 'D2': 7, 'D3': 9, 'D4': 40}, 'S3': {'D1': 4, 'D2': 14, 'D3': 16, 'D4': 32}}","{'D1': 20, 'D2': 60, 'D3': 60, 'D4': 60}","{'S1': 60, 'S2': 100, 'S3': 40}",2460.0
,"{'S1': {'D1': 7, 'D2': 8, 'D3': 7}, 'S2': {'D1': 18, 'D2': 8, 'D3': 12}, 'S3': {'D1': 8, 'D2': 12, 'D3': 12}}","{'D1': 14, 'D2': 8, 'D3': 13}","{'S1': 13, 'S2': 14, 'S3': 8}",291.0
,"{'S1': {'D1': 5, 'D2': 19, 'D3': 12, 'D4': 70, 'D5': 66, 'D6': 74, 'D7': 283}, 'S2': {'D1': 103, 'D2': 89, 'D3': 81, 'D4': 26, 'D5': 23, 'D6': 62, 'D7': 97}, 'S3': {'D1': 0, 'D2': 0, 'D3': 0, 'D4': 0, 'D5': 0, 'D6': 0, 'D7': 0}}","{'D1': 21600, 'D2': 15600, 'D3': 15600, 'D4': 19500, 'D5': 16800, 'D6': 10500, 'D7': 8100}","{'S1': 40000, 'S2': 47700, 'S3': 20000}",1972000.0
,"{'S1': {'D1': 4, 'D2': 19, 'D3': 22, 'D4': 11}, 'S2': {'D1': 1, 'D2': 9, 'D3': 14, 'D4': 14}, 'S3': {'D1': 6, 'D2': 6, 'D3': 16, 'D4': 14}}","{'D1': 40, 'D2': 20, 'D3': 60, 'D4': 80}","{'S1': 100, 'S2': 30, 'S3': 70}",
,"{'S1': {'D1': 7, 'D2': 3, 'D3': 6, 'D4': 0}, 'S2': {'D1': 4, 'D2': 6, 'D3': 8, 'D4': 0}, 'S3': {'D1': 5, 'D2': 8, 'D3': 4, 'D4': 0}, 'S4': {'D1': 8, 'D2': 4, 'D3': 3, 'D4': 0}}","{'D1': 5, 'D2': 8, 'D3': 10, 'D4': 2}","{'S1': 5, 'S2': 10, 'S3': 7, 'S4': 3}",
,"{'S1': {'D1': 20, 'D2': 18, 'D3': 18, 'D4': 21, 'D5': 19}, 'S2': {'D1': 21, 'D2': 22, 'D3': 23, 'D4': 20, 'D5': 24}, 'S3': {'D1': 18, 'D2': 19, 'D3': 21, 'D4': 18, 'D5': 19}}","{'D1': 60, 'D2': 80, 'D3': 85, 'D4': 105, 'D5': 70}","{'S1': 100, 'S2': 125, 'S3': 175}",
,"{'S1': {'D1': 15, 'D2': 25, 'D3': 35}, 'S2': {'D1': 25, 'D2': 35, 'D3': 45}, 'S3': {'D1': 45, 'D2': 55, 'D3': 65}, 'S4': {'D1': 65, 'D2': 75, 'D3': 85}, 'S5': {'D1': 0, 'D2': 0, 'D3': 0}}","{'D1': 300, 'D2': 400, 'D3': 500}","{'S1': 200, 'S2': 250, 'S3': 300, 'S4': 350, 'S5': 100}",57500.0
,"{'S1': {'D1': 4, 'D2': 10, 'D3': 14, 'D4': 0}, 'S2': {'D1': 12, 'D2': 19, 'D3': 21, 'D4': 0}, 'S3': {'D1': 15, 'D2': 14, 'D3': 17, 'D4': 0}}","{'D1': 30, 'D2': 40, 'D3': 55, 'D4': 25}","{'S1': 50, 'S2': 50, 'S3': 50}",1635.0
,"{'S1': {'D1': 3, 'D2': 1, 'D3': 7, 'D4': 4}, 'S2': {'D1': 2, 'D2': 6, 'D3': 5, 'D4': 9}, 'S3': {'D1': 8, 'D2': 3, 'D3': 3, 'D4': 2}, 'S4': {'D1': 0, 'D2': 0, 'D3': 0, 'D4': 0}}","{'D1': 250, 'D2': 350, 'D3': 290, 'D4': 450}","{'S1': 300, 'S2': 400, 'S3': 270, 'S4': 370}",2090.0
,"{'S1': {'D1': 5, 'D2': 7, 'D3': 9, 'D4': 6, 'D5': 0}, 'S2': {'D1': 6, 'D2': 7, 'D3': 10, 'D4': 5, 'D5': 0}, 'S3': {'D1': 7, 'D2': 6, 'D3': 8, 'D4': 1, 'D5': 0}}","{'D1': 10, 'D2': 6, 'D3': 8, 'D4': 12, 'D5': 10}","{'S1': 12, 'S2': 14, 'S3': 20}",168.0
,"{'S1': {'D1': 4, 'D2': 3, 'D3': 4, 'D4': 0}, 'S2': {'D1': 10, 'D2': 7, 'D3': 5, 'D4': 0}, 'S3': {'D1': 8, 'D2': 8, 'D3': 3, 'D4': 0}, 'S4': {'D1': 5, 'D2': 6, 'D3': 6, 'D4': 0}}","{'D1': 16, 'D2': 10, 'D3': 14, 'D4': 15}","{'S1': 11, 'S2': 12, 'S3': 10, 'S4': 22}",159.0
,"{'S1': {'D1': 45, 'D2': 52, 'D3': 63, 'D4': 57}, 'S2': {'D1': 58, 'D2': 48, 'D3': 56, 'D4': 54}, 'S3': {'D1': 52, 'D2': 55, 'D3': 62, 'D4': 58}, 'S4': {'D1': 65, 'D2': 48, 'D3': 44, 'D4': 54}, 'S5': {'D1': 0, 'D2': 0, 'D3': 0, 'D4': 0}}","{'D1': 1160, 'D2': 1250, 'D3': 1300, 'D4': 1565}","{'S1': 1350, 'S2': 1120, 'S3': 1280, 'S4': 1080, 'S5': 445}",237900.0
,"{'S1': {'D1': 7, 'D2': 5, 'D3': 9, 'D4': 11, 'D5': 0}, 'S2': {'D1': 4, 'D2': 3, 'D3': 8, 'D4': 6, 'D5': 0}, 'S3': {'D1': 3, 'D2': 8, 'D3': 10, 'D4': 5, 'D5': 0}, 'S4': {'D1': 2, 'D2': 6, 'D3': 7, 'D4': 3, 'D5': 0}}","{'D1': 25, 'D2': 30, 'D3': 20, 'D4': 15, 'D5': 35}","{'S1': 35, 'S2': 25, 'S3': 20, 'S4': 45}",350.0
,"{'S1': {'D1': 4, 'D2': 3, 'D3': 5}, 'S2': {'D1': 6, 'D2': 5, 'D3': 4}, 'S3': {'D1': 8, 'D2': 10, 'D3': 7}, 'S4': {'D1': 0, 'D2': 0, 'D3': 0}}","{'D1': 110, 'D2': 120, 'D3': 130}","{'S1': 90, 'S2': 80, 'S3': 70, 'S4': 120}",1100.0
,"{'S1': {'D1': 12, 'D2': 10, 'D3': 15, 'D4': 11, 'D5': 20, 'D6': 0}, 'S2': {'D1': 21, 'D2': 17, 'D3': 30, 'D4': 14, 'D5': 25, 'D6': 0}, 'S3': {'D1': 13, 'D2': 27, 'D3': 11, 'D4': 26, 'D5': 28, 'D6': 0}}","{'D1': 150, 'D2': 280, 'D3': 320, 'D4': 200, 'D5': 300, 'D6': 250}","{'S1': 600, 'S2': 400, 'S3': 500}",17010.0
,"{'S1': {'D1': 2, 'D2': 8, 'D3': 7, 'D4': 3, 'D5': 12, 'D6': 0}, 'S2': {'D1': 9, 'D2': 5, 'D3': 6, 'D4': 10, 'D5': 3, 'D6': 0}, 'S3': {'D1': 11, 'D2': 4, 'D3': 15, 'D4': 8, 'D5': 8, 'D6': 0}, 'S4': {'D1': 10, 'D2': 12, 'D3': 6, 'D4': 20, 'D5': 7, 'D6': 0}}","{'D1': 200, 'D2': 280, 'D3': 320, 'D4': 240, 'D5': 250, 'D6': 210}","{'S1': 250, 'S2': 450, 'S3': 470, 'S4': 330}",5860.0
,"{'S1': {'D1': 8, 'D2': 6, 'D3': 9, 'D4': 10, 'D5': 12, 'D6': 3}, 'S2': {'D1': 11, 'D2': 9, 'D3': 12, 'D4': 20, 'D5': 7, 'D6': 15}, 'S3': {'D1': 10, 'D2': 18, 'D3': 4, 'D4': 8, 'D5': 14, 'D6': 2}, 'S4': {'D1': 20, 'D2': 3, 'D3': 9, 'D4': 4, 'D5': 7, 'D6': 13}, 'S5': {'D1': 9, 'D2': 6, 'D3': 16, 'D4': 18, 'D5': 12, 'D6': 15}, 'S6': {'D1': 0, 'D2': 0, 'D3': 0, 'D4': 0, 'D5': 0, 'D6': 0}}","{'D1': 250, 'D2': 350, 'D3': 450, 'D4': 550, 'D5': 650, 'D6': 750}","{'S1': 550, 'S2': 600, 'S3': 300, 'S4': 400, 'S5': 650, 'S6': 500}",13200.0
,"{'S1': {'D1': 10, 'D2': 15, 'D3': 20, 'D4': 25, 'D5': 30, 'D6': 35, 'D7': 40, 'D8': 0}, 'S2': {'D1': 29, 'D2': 45, 'D3': 25, 'D4': 30, 'D5': 45, 'D6': 55, 'D7': 35, 'D8': 0}, 'S3': {'D1': 15, 'D2': 20, 'D3': 25, 'D4': 35, 'D5': 40, 'D6': 45, 'D7': 50, 'D8': 0}, 'S4': {'D1': 18, 'D2': 55, 'D3': 43, 'D4': 53, 'D5': 34, 'D6': 26, 'D7': 33, 'D8': 0}, 'S5': {'D1': 22, 'D2': 33, 'D3': 40, 'D4': 60, 'D5': 65, 'D6': 50, 'D7': 39, 'D8': 0}, 'S6': {'D1': 33, 'D2': 27, 'D3': 20, 'D4': 30, 'D5': 44, 'D6': 29, 'D7': 21, 'D8': 0}, 'S7': {'D1': 28, 'D2': 31, 'D3': 26, 'D4': 35, 'D5': 43, 'D6': 38, 'D7': 34, 'D8': 0}}","{'D1': 1150, 'D2': 1500, 'D3': 1450, 'D4': 1050, 'D5': 1320, 'D6': 1180, 'D7': 1350, 'D8': 1000}","{'S1': 1200, 'S2': 1350, 'S3': 1400, 'S4': 1700, 'S5': 1650, 'S6': 1250, 'S7': 1450}",222110.0
,"{'S1': {'D1': 8, 'D2': 8, 'D3': 2, 'D4': 10, 'D5': 2, 'D6': 0}, 'S2': {'D1': 11, 'D2': 4, 'D3': 10, 'D4': 9, 'D5': 4, 'D6': 0}, 'S3': {'D1': 5, 'D2': 2, 'D3': 2, 'D4': 11, 'D5': 10, 'D6': 0}, 'S4': {'D1': 10, 'D2': 6, 'D3': 6, 'D4': 5, 'D5': 2, 'D6': 0}, 'S5': {'D1': 8, 'D2': 11, 'D3': 8, 'D4': 6, 'D5': 4, 'D6': 0}}","{'D1': 50, 'D2': 55, 'D3': 60, 'D4': 70, 'D5': 45, 'D6': 40}","{'S1': 40, 'S2': 70, 'S3': 35, 'S4': 90, 'S5': 85}",1160.0
,"{'S1': {'D1': 73, 'D2': 40, 'D3': 9, 'D4': 79, 'D5': 20}, 'S2': {'D1': 62, 'D2': 93, 'D3': 96, 'D4': 8, 'D5': 13}, 'S3': {'D1': 96, 'D2': 65, 'D3': 80, 'D4': 50, 'D5': 65}, 'S4': {'D1': 57, 'D2': 58, 'D3': 29, 'D4': 12, 'D5': 87}, 'S5': {'D1': 56, 'D2': 23, 'D3': 87, 'D4': 18, 'D5': 12}, 'S6': {'D1': 0, 'D2': 0, 'D3': 0, 'D4': 0, 'D5': 0}}","{'D1': 60, 'D2': 85, 'D3': 65, 'D4': 55, 'D5': 95}","{'S1': 80, 'S2': 70, 'S3': 90, 'S4': 30, 'S5': 40, 'S6': 50}",8710.0
,"{'S1': {'D1': 10, 'D2': 15, 'D3': 18, 'D4': 37, 'D5': 35, 'D6': 13, 'D7': 15, 'D8': 17}, 'S2': {'D1': 14, 'D2': 42, 'D3': 36, 'D4': 64, 'D5': 56, 'D6': 65, 'D7': 25, 'D8': 52}, 'S3': {'D1': 76, 'D2': 67, 'D3': 54, 'D4': 45, 'D5': 53, 'D6': 35, 'D7': 32, 'D8': 23}, 'S4': {'D1': 11, 'D2': 22, 'D3': 33, 'D4': 77, 'D5': 44, 'D6': 55, 'D7': 56, 'D8': 65}, 'S5': {'D1': 77, 'D2': 18, 'D3': 38, 'D4': 68, 'D5': 38, 'D6': 68, 'D7': 48, 'D8': 28}, 'S6': {'D1': 10, 'D2': 20, 'D3': 50, 'D4': 30, 'D5': 70, 'D6': 60, 'D7': 90, 'D8': 30}, 'S7': {'D1': 70, 'D2': 85, 'D3': 75, 'D4': 65, 'D5': 55, 'D6': 45, 'D7': 35, 'D8': 25}, 'S8': {'D1': 21, 'D2': 31, 'D3': 41, 'D4': 51, 'D5': 61, 'D6': 71, 'D7': 81, 'D8': 91}, 'S9': {'D1': 0, 'D2': 0, 'D3': 0, 'D4': 0, 'D5': 0, 'D6': 0, 'D7': 0, 'D8': 0}}","{'D1': 300, 'D2': 400, 'D3': 500, 'D4': 600, 'D5': 450, 'D6': 550, 'D7': 350, 'D8': 330}","{'S1': 380, 'S2': 480, 'S3': 280, 'S4': 520, 'S5': 420, 'S6': 220, 'S7': 200, 'S8': 480, 'S9': 500}",79380.0
,"{'S1': {'D1': 16, 'D2': 10, 'D3': 25, 'D4': 24, 'D5': 30, 'D6': 22, 'D7': 0}, 'S2': {'D1': 12, 'D2': 12, 'D3': 15, 'D4': 13, 'D5': 14, 'D6': 15, 'D7': 0}, 'S3': {'D1': 15, 'D2': 18, 'D3': 16, 'D4': 8, 'D5': 22, 'D6': 20, 'D7': 0}, 'S4': {'D1': 7, 'D2': 23, 'D3': 20, 'D4': 16, 'D5': 18, 'D6': 12, 'D7': 0}, 'S5': {'D1': 13, 'D2': 19, 'D3': 13, 'D4': 27, 'D5': 17, 'D6': 30, 'D7': 0}, 'S6': {'D1': 11, 'D2': 15, 'D3': 9, 'D4': 33, 'D5': 25, 'D6': 10, 'D7': 0}, 'S7': {'D1': 8, 'D2': 9, 'D3': 11, 'D4': 15, 'D5': 10, 'D6': 15, 'D7': 0}}","{'D1': 60, 'D2': 30, 'D3': 70, 'D4': 50, 'D5': 40, 'D6': 45, 'D7': 65}","{'S1': 25, 'S2': 35, 'S3': 45, 'S4': 65, 'S5': 55, 'S6': 75, 'S7': 60}",2740.0
,"{'S1': {'D1': 73, 'D2': 40, 'D3': 9, 'D4': 79, 'D5': 20}, 'S2': {'D1': 62, 'D2': 93, 'D3': 96, 'D4': 8, 'D5': 13}, 'S3': {'D1': 96, 'D2': 65, 'D3': 80, 'D4': 50, 'D5': 65}, 'S4': {'D1': 57, 'D2': 58, 'D3': 29, 'D4': 12, 'D5': 87}, 'S5': {'D1': 56, 'D2': 23, 'D3': 87, 'D4': 18, 'D5': 12}, 'S6': {'D1': 0, 'D2': 0, 'D3': 0, 'D4': 0, 'D5': 0}}","{'D1': 60, 'D2': 85, 'D3': 65, 'D4': 55, 'D5': 95}","{'S1': 80, 'S2': 70, 'S3': 90, 'S4': 30, 'S5': 40, 'S6': 50}",8710.0
,"{'S1': {'D1': 20, 'D2': 30, 'D3': 25, 'D4': 35, 'D5': 40, 'D6': 0}, 'S2': {'D1': 25, 'D2': 35, 'D3': 40, 'D4': 22, 'D5': 30, 'D6': 0}, 'S3': {'D1': 15, 'D2': 25, 'D3': 55, 'D4': 20, 'D5': 35, 'D6': 0}}","{'D1': 220, 'D2': 250, 'D3': 280, 'D4': 300, 'D5': 350, 'D6': 100}","{'S1': 500, 'S2': 600, 'S3': 400}",34150.0
,"{'S1': {'D1': 20, 'D2': 30, 'D3': 40, 'D4': 50}, 'S2': {'D1': 35, 'D2': 45, 'D3': 55, 'D4': 65}, 'S3': {'D1': 12, 'D2': 24, 'D3': 36, 'D4': 48}, 'S4': {'D1': 15, 'D2': 45, 'D3': 60, 'D4': 30}, 'S5': {'D1': 0, 'D2': 0, 'D3': 0, 'D4': 0}}","{'D1': 1800, 'D2': 1200, 'D3': 1500, 'D4': 1000}","{'S1': 1250, 'S2': 1300, 'S3': 1120, 'S4': 1180, 'S5': 650}",145640.0
,"{'S1': {'D1': 2, 'D2': 5, 'D3': 6, 'D4': 3, 'D5': 4}, 'S2': {'D1': 9, 'D2': 1, 'D3': 3, 'D4': 2, 'D5': 7}, 'S3': {'D1': 4, 'D2': 10, 'D3': 8, 'D4': 12, 'D5': 8}, 'S4': {'D1': 3, 'D2': 4, 'D3': 5, 'D4': 6, 'D5': 13}, 'S5': {'D1': 0, 'D2': 0, 'D3': 0, 'D4': 0, 'D5': 0}}","{'D1': 35, 'D2': 45, 'D3': 30, 'D4': 55, 'D5': 70}","{'S1': 65, 'S2': 40, 'S3': 30, 'S4': 75, 'S5': 25}",760.0
,"{'S1': {'D1': 5, 'D2': 7, 'D3': 9, 'D4': 0}, 'S2': {'D1': 3, 'D2': 8, 'D3': 3, 'D4': 0}, 'S3': {'D1': 4, 'D2': 6, 'D3': 6, 'D4': 0}}","{'D1': 10, 'D2': 20, 'D3': 40, 'D4': 30}","{'S1': 20, 'S2': 30, 'S3': 50}",310.0
,"{'S1': {'D1': 25, 'D2': 30, 'D3': 20, 'D4': 40, 'D5': 45, 'D6': 0}, 'S2': {'D1': 30, 'D2': 25, 'D3': 20, 'D4': 30, 'D5': 40, 'D6': 0}, 'S3': {'D1': 40, 'D2': 20, 'D3': 40, 'D4': 35, 'D5': 45, 'D6': 0}, 'S4': {'D1': 25, 'D2': 24, 'D3': 50, 'D4': 27, 'D5': 30, 'D6': 0}}","{'D1': 12, 'D2': 20, 'D3': 15, 'D4': 25, 'D5': 20, 'D6': 10}","{'S1': 35, 'S2': 22, 'S3': 32, 'S4': 13}",2090.0
,"{'S1': {'D1': 810, 'D2': 105, 'D3': 9, 'D4': 8, 'D5': 0}, 'S2': {'D1': 6, 'D2': 310, 'D3': 410, 'D4': 7, 'D5': 0}, 'S3': {'D1': 12, 'D2': 6, 'D3': 810, 'D4': 410, 'D5': 10}, 'S4': {'D1': 9, 'D2': 5, 'D3': 6, 'D4': 7, 'D5': 10}, 'S5': {'D1': 0, 'D2': 0, 'D3': 0, 'D4': 0, 'D5': 0}}","{'D1': 10, 'D2': 15, 'D3': 20, 'D4': 10, 'D5': 30}","{'S1': 15, 'S2': 20, 'S3': 30, 'S4': 10, 'S5': 10}",210.0
,"{'S1': {'D1': 16, 'D2': 20, 'D3': 12}, 'S2': {'D1': 14, 'D2': 8, 'D3': 18}, 'S3': {'D1': 26, 'D2': 24, 'D3': 16}}","{'D1': 180, 'D2': 120, 'D3': 150}","{'S1': 200, 'S2': 160, 'S3': 90}",5920.0
,"{'S1': {'D1': 4, 'D2': 4, 'D3': 9, 'D4': 10, 'D5': 13}, 'S2': {'D1': 7, 'D2': 9, 'D3': 8, 'D4': 10, 'D5': 4}, 'S3': {'D1': 9, 'D2': 3, 'D3': 7, 'D4': 10, 'D5': 6}, 'S4': {'D1': 11, 'D2': 4, 'D3': 10, 'D4': 6, 'D5': 9}}","{'D1': 60, 'D2': 40, 'D3': 90, 'D4': 70, 'D5': 80}","{'S1': 100, 'S2': 90, 'S3': 80, 'S4': 70}",
,"{'S1': {'D1': 73, 'D2': 40, 'D3': 9, 'D4': 79, 'D5': 20}, 'S2': {'D1': 62, 'D2': 83, 'D3': 96, 'D4': 8, 'D5': 13}, 'S3': {'D1': 96, 'D2': 65, 'D3': 80, 'D4': 50, 'D5': 65}, 'S4': {'D1': 57, 'D2': 58, 'D3': 29, 'D4': 12, 'D5': 87}, 'S5': {'D1': 56, 'D2': 23, 'D3': 87, 'D4': 18, 'D5': 12}}","{'D1': 6, 'D2': 8, 'D3': 10, 'D4': 4, 'D5': 4}","{'S1': 8, 'S2': 7, 'S3': 9, 'S4': 3, 'S5': 5}",1102.0
,"{'S1': {'D1': 12, 'D2': 11, 'D3': 8, 'D4': 13}, 'S2': {'D1': 10, 'D2': 7, 'D3': 12, 'D4': 9}, 'S3': {'D1': 9, 'D2': 8, 'D3': 10, 'D4': 6}}","{'D1': 11, 'D2': 15, 'D3': 13, 'D4': 11}","{'S1': 14, 'S2': 16, 'S3': 20}",378.0
,"{'S1': {'D1': 3, 'D2': 6, 'D3': 2}, 'S2': {'D1': 7, 'D2': 8, 'D3': 10}, 'S3': {'D1': 12, 'D2': 1, 'D3': 4}, 'S4': {'D1': 2, 'D2': 5, 'D3': 9}}","{'D1': 65, 'D2': 40, 'D3': 55}","{'S1': 30, 'S2': 50, 'S3': 20, 'S4': 60}",
,"{'S1': {'D1': 22, 'D2': 38, 'D3': 32, 'D4': 17, 'D5': 31, 'D6': 15, 'D7': 23, 'D8': 25, 'D9': 25, 'D10': 20, 'D11': 33, 'D12': 30, 'D13': 18, 'D14': 12, 'D15': 23, 'D16': 18, 'D17': 26, 'D18': 20, 'D19': 15, 'D20': 18, 'D21': 15, 'D22': 25, 'D23': 28, 'D24': 23, 'D25': 16, 'D26': 18, 'D27': 21, 'D28': 28, 'D29': 20, 'D30': 20, 'D31': 25, 'D32': 18, 'D33': 18, 'D34': 18, 'D35': 25, 'D36': 27, 'D37': 21, 'D38': 25, 'D39': 23, 'D40': 26, 'D41': 33, 'D42': 38, 'D43': 29, 'D44': 17, 'D45': 38, 'D46': 17, 'D47': 39, 'D48': 39, 'D49': 22, 'D50': 22, 'D51': 35, 'D52': 25, 'D53': 28, 'D54': 31, 'D55': 33, 'D56': 20, 'D57': 36, 'D58': 31, 'D59': 23, 'D60': 27, 'D61': 25, 'D62': 35, 'D63': 30, 'D64': 31, 'D65': 28, 'D66': 27, 'D67': 28, 'D68': 30, 'D69': 27, 'D70': 54, 'D71': 43, 'D72': 52, 'D73': 56, 'D74': 46, 'D75': 59, 'D76': 53, 'D77': 40, 'D78': 58, 'D79': 44, 'D80': 51, 'D81': 40, 'D82': 43, 'D83': 45, 'D84': 49, 'D85': 48, 'D86': 57, 'D87': 46, 'D88': 46, 'D89': 60, 'D90': 61, 'D91': 66, 'D92': 59, 'D93': 55, 'D94': 56}, 'S2': {'D1': 26, 'D2': 41, 'D3': 36, 'D4': 21, 'D5': 35, 'D6': 20, 'D7': 27, 'D8': 30, 'D9': 28, 'D10': 25, 'D11': 38, 'D12': 34, 'D13': 23, 'D14': 15, 'D15': 20, 'D16': 15, 'D17': 23, 'D18': 18, 'D19': 14, 'D20': 17, 'D21': 13, 'D22': 23, 'D23': 25, 'D24': 25, 'D25': 17, 'D26': 23, 'D27': 23, 'D28': 33, 'D29': 18, 'D30': 19, 'D31': 28, 'D32': 32, 'D33': 20, 'D34': 18, 'D35': 25, 'D36': 31, 'D37': 20, 'D38': 25, 'D39': 25, 'D40': 23, 'D41': 39, 'D42': 36, 'D43': 28, 'D44': 12, 'D45': 33, 'D46': 14, 'D47': 38, 'D48': 38, 'D49': 20, 'D50': 28, 'D51': 33, 'D52': 28, 'D53': 26, 'D54': 28, 'D55': 31, 'D56': 17, 'D57': 38, 'D58': 30, 'D59': 30, 'D60': 25, 'D61': 22, 'D62': 33, 'D63': 26, 'D64': 29, 'D65': 31, 'D66': 34, 'D67': 28, 'D68': 33, 'D69': 31, 'D70': 49, 'D71': 38, 'D72': 49, 'D73': 52, 'D74': 43, 'D75': 56, 'D76': 49, 'D77': 36, 'D78': 54, 'D79': 40, 'D80': 46, 'D81': 36, 'D82': 39, 'D83': 41, 'D84': 46, 'D85': 44, 'D86': 54, 'D87': 41, 'D88': 43, 'D89': 57, 'D90': 57, 'D91': 62, 'D92': 55, 'D93': 52, 'D94': 51}}","{'D1': 3071, 'D2': 4187, 'D3': 1155, 'D4': 3438, 'D5': 6851, 'D6': 3441, 'D7': 5351, 'D8': 20838, 'D9': 2752, 'D10': 6363, 'D11': 2838, 'D12': 2695, 'D13': 37543, 'D14': 6595, 'D15': 2611, 'D16': 0, 'D17': 0, 'D18': 2859, 'D19': 622, 'D20': 2113, 'D21': 4599, 'D22': 6339, 'D23': 249, 'D24': 4727, 'D25': 17334, 'D26': 4391, 'D27': 25700, 'D28': 1519, 'D29': 3029, 'D30': 2207, 'D31': 46729, 'D32': 3084, 'D33': 3922, 'D34': 1381, 'D35': 961, 'D36': 3098, 'D37': 1078, 'D38': 2910, 'D39': 1700, 'D40': 4848, 'D41': 0, 'D42': 0, 'D43': 0, 'D44': 10441, 'D45': 0, 'D46': 4724, 'D47': 0, 'D48': 0, 'D49': 0, 'D50': 0, 'D51': 0, 'D52': 0, 'D53': 0, 'D54': 0, 'D55': 0, 'D56': 9820, 'D57': 0, 'D58': 0, 'D59': 0, 'D60': 0, 'D61': 6215, 'D62': 0, 'D63': 0, 'D64': 0, 'D65': 14221, 'D66': 1503, 'D67': 2137, 'D68': 501, 'D69': 562, 'D70': 6626, 'D71': 1494, 'D72': 5878, 'D73': 5338, 'D74': 611, 'D75': 1117, 'D76': 472, 'D77': 1814, 'D78': 1227, 'D79': 1229, 'D80': 1724, 'D81': 3743, 'D82': 7922, 'D83': 281, 'D84': 689, 'D85': 7822, 'D86': 1307, 'D87': 1012, 'D88': 2395, 'D89': 1150, 'D90': 456, 'D91': 4123, 'D92': 528, 'D93': 21067, 'D94': 33274}","{'S1': 281820, 'S2': 136731}",12175097.0
